AP1,location_AP1_X,location_AP1_y,AP2,location_AP2_X,location_AP2_y,AP3,location_AP3_X,location_AP3_y,AP4,location_AP4_X,location_AP4_y,target_node_facing_to ,angle_of_target_node ,target_X,target_y
-68,0,7,-54,0,0,-82,9,0,-66,7,9,north ,90,1.8,0
-63,0,7,-53,0,0,-79,9,0,-65,7,9,north ,90,1.8,0
-66,0,7,-53,0,0,-82,9,0,-64,7,9,north ,90,1.8,0
-65,0,7,-55,0,0,-81,9,0,-66,7,9,north ,90,1.8,0
-68,0,7,-53,0,0,-78,9,0,-67,7,9,north ,90,1.8,0
-65,0,7,-52,0,0,-79,9,0,-65,7,9,north ,90,1.8,0
-68,0,7,-56,0,0,-77,9,0,-70,7,9,north ,90,1.8,0
-68,0,7,-55,0,0,-80,9,0,-67,7,9,north ,90,1.8,0
-69,0,7,-56,0,0,-80,9,0,-67,7,9,north ,90,1.8,0
-67,0,7,-54,0,0,-81,9,0,-65,7,9,north ,90,1.8,0
-70,0,7,-54,0,0,-84,9,0,-65,7,9,north ,90,1.8,0
-67,0,7,-52,0,0,-78,9,0,-65,7,9,north ,90,1.8,0
-67,0,7,-53,0,0,-85,9,0,-67,7,9,north ,90,1.8,0
-65,0,7,-56,0,0,-83,9,0,-67,7,9,north ,90,1.8,0
-72,0,7,-56,0,0,-83,9,0,-70,7,9,north ,90,1.8,0
-66,0,7,-55,0,0,-80,9,0,-66,7,9,north ,90,1.8,0
-73,0,7,-56,0,0,-76,9,0,-69,7,9,north ,90,1.8,0
-69,0,7,-56,0,0,-80,9,0,-68,7,9,north ,90,1.8,0
-75,0,7,-56,0,0,-78,9,0,-77,7,9,north ,90,1.8,0
-72,0,7,-58,0,0,-76,9,0,-69,7,9,north ,90,1.8,0
-71,0,7,-56,0,0,-73,9,0,-69,7,9,north ,90,1.8,0
-69,0,7,-54,0,0,-72,9,0,-69,7,9,north ,90,1.8,0
-72,0,7,-57,0,0,-75,9,0,-68,7,9,north ,90,1.8,0
-73,0,7,-58,0,0,-79,9,0,-65,7,9,north ,90,1.8,0
-69,0,7,-55,0,0,-80,9,0,-65,7,9,north ,90,1.8,0
-70,0,7,-58,0,0,-80,9,0,-64,7,9,north ,90,1.8,0
-70,0,7,-56,0,0,-84,9,0,-66,7,9,north ,90,1.8,0
-71,0,7,-55,0,0,-80,9,0,-66,7,9,north ,90,1.8,0
-67,0,7,-55,0,0,-77,9,0,-64,7,9,north ,90,1.8,0
-70,0,7,-54,0,0,-79,9,0,-66,7,9,north ,90,1.8,0
-72,0,7,-54,0,0,-82,9,0,-64,7,9,east ,0,1.8,0
-69,0,7,-55,0,0,-81,9,0,-66,7,9,east ,0,1.8,0
-71,0,7,-53,0,0,-80,9,0,-66,7,9,east ,0,1.8,0
-73,0,7,-53,0,0,-83,9,0,-65,7,9,east ,0,1.8,0
-66,0,7,-53,0,0,-78,9,0,-65,7,9,east ,0,1.8,0
-68,0,7,-53,0,0,-79,9,0,-67,7,9,east ,0,1.8,0
-72,0,7,-53,0,0,-80,9,0,-67,7,9,east ,0,1.8,0
-68,0,7,-54,0,0,-81,9,0,-69,7,9,east ,0,1.8,0
-71,0,7,-56,0,0,-79,9,0,-66,7,9,east ,0,1.8,0
-71,0,7,-62,0,0,-78,9,0,-67,7,9,east ,0,1.8,0
-69,0,7,-55,0,0,-81,9,0,-66,7,9,east ,0,1.8,0
-71,0,7,-53,0,0,-81,9,0,-66,7,9,east ,0,1.8,0
-69,0,7,-54,0,0,-79,9,0,-66,7,9,east ,0,1.8,0
-69,0,7,-55,0,0,-78,9,0,-67,7,9,east ,0,1.8,0
-72,0,7,-54,0,0,-79,9,0,-67,7,9,east ,0,1.8,0
-71,0,7,-54,0,0,-78,9,0,-64,7,9,east ,0,1.8,0
-68,0,7,-55,0,0,-80,9,0,-66,7,9,east ,0,1.8,0
-70,0,7,-54,0,0,-81,9,0,-66,7,9,east ,0,1.8,0
-72,0,7,-54,0,0,-77,9,0,-66,7,9,east ,0,1.8,0
-70,0,7,-53,0,0,-81,9,0,-66,7,9,east ,0,1.8,0
-71,0,7,-54,0,0,-81,9,0,-66,7,9,east ,0,1.8,0
-70,0,7,-55,0,0,-81,9,0,-66,7,9,east ,0,1.8,0
-70,0,7,-55,0,0,-87,9,0,-68,7,9,east ,0,1.8,0
-70,0,7,-56,0,0,-85,9,0,-65,7,9,east ,0,1.8,0
-71,0,7,-53,0,0,-78,9,0,-67,7,9,east ,0,1.8,0
-70,0,7,-54,0,0,-78,9,0,-66,7,9,east ,0,1.8,0
-69,0,7,-55,0,0,-76,9,0,-65,7,9,east ,0,1.8,0
-71,0,7,-54,0,0,-78,9,0,-65,7,9,east ,0,1.8,0
-66,0,7,-53,0,0,-78,9,0,-64,7,9,east ,0,1.8,0
-70,0,7,-72,0,0,-77,9,0,-64,7,9,east ,0,1.8,0
-66,0,7,-64,0,0,-76,9,0,-64,7,9,south,270,1.8,0
-67,0,7,-64,0,0,-73,9,0,-63,7,9,south,270,1.8,0
-66,0,7,-66,0,0,-74,9,0,-65,7,9,south,270,1.8,0
-65,0,7,-63,0,0,-76,9,0,-63,7,9,south,270,1.8,0
-67,0,7,-67,0,0,-75,9,0,-63,7,9,south,270,1.8,0
-66,0,7,-66,0,0,-75,9,0,-62,7,9,south,270,1.8,0
-70,0,7,-62,0,0,-77,9,0,-63,7,9,south,270,1.8,0
-67,0,7,-65,0,0,-75,9,0,-62,7,9,south,270,1.8,0
-64,0,7,-64,0,0,-72,9,0,-63,7,9,south,270,1.8,0
-70,0,7,-64,0,0,-73,9,0,-62,7,9,south,270,1.8,0
-67,0,7,-64,0,0,-77,9,0,-62,7,9,south,270,1.8,0
-65,0,7,-65,0,0,-71,9,0,-63,7,9,south,270,1.8,0
-64,0,7,-65,0,0,-72,9,0,-63,7,9,south,270,1.8,0
-65,0,7,-64,0,0,-74,9,0,-63,7,9,south,270,1.8,0
-66,0,7,-66,0,0,-71,9,0,-61,7,9,south,270,1.8,0
-65,0,7,-64,0,0,-72,9,0,-63,7,9,south,270,1.8,0
-65,0,7,-64,0,0,-72,9,0,-62,7,9,south,270,1.8,0
-63,0,7,-67,0,0,-75,9,0,-62,7,9,south,270,1.8,0
-66,0,7,-64,0,0,-70,9,0,-61,7,9,south,270,1.8,0
-67,0,7,-62,0,0,-72,9,0,-62,7,9,south,270,1.8,0
-63,0,7,-67,0,0,-71,9,0,-63,7,9,south,270,1.8,0
-67,0,7,-65,0,0,-71,9,0,-62,7,9,south,270,1.8,0
-67,0,7,-64,0,0,-72,9,0,-62,7,9,south,270,1.8,0
-69,0,7,-63,0,0,-71,9,0,-62,7,9,south,270,1.8,0
-65,0,7,-63,0,0,-70,9,0,-62,7,9,south,270,1.8,0
-68,0,7,-64,0,0,-72,9,0,-63,7,9,south,270,1.8,0
-62,0,7,-62,0,0,-71,9,0,-59,7,9,south,270,1.8,0
-68,0,7,-64,0,0,-71,9,0,-61,7,9,south,270,1.8,0
-65,0,7,-65,0,0,-72,9,0,-62,7,9,south,270,1.8,0
-66,0,7,-66,0,0,-72,9,0,-62,7,9,south,270,1.8,0
-70,0,7,-66,0,0,-79,9,0,-75,7,9,west,180,1.8,0
-69,0,7,-66,0,0,-81,9,0,-78,7,9,west,180,1.8,0
-69,0,7,-68,0,0,-82,9,0,-74,7,9,west,180,1.8,0
-66,0,7,-65,0,0,-80,9,0,-76,7,9,west,180,1.8,0
-70,0,7,-67,0,0,-81,9,0,-79,7,9,west,180,1.8,0
-71,0,7,-67,0,0,-79,9,0,-73,7,9,west,180,1.8,0
-72,0,7,-66,0,0,-81,9,0,-75,7,9,west,180,1.8,0
-70,0,7,-67,0,0,-81,9,0,-73,7,9,west,180,1.8,0
-72,0,7,-66,0,0,-78,9,0,-74,7,9,west,180,1.8,0
-73,0,7,-67,0,0,-79,9,0,-76,7,9,west,180,1.8,0
-71,0,7,-67,0,0,-82,9,0,-75,7,9,west,180,1.8,0
-70,0,7,-67,0,0,-77,9,0,-73,7,9,west,180,1.8,0
-71,0,7,-64,0,0,-79,9,0,-74,7,9,west,180,1.8,0
-71,0,7,-66,0,0,-80,9,0,-75,7,9,west,180,1.8,0
-72,0,7,-68,0,0,-78,9,0,-74,7,9,west,180,1.8,0
-71,0,7,-66,0,0,-80,9,0,-77,7,9,west,180,1.8,0
-68,0,7,-67,0,0,-81,9,0,-76,7,9,west,180,1.8,0
-70,0,7,-67,0,0,-82,9,0,-77,7,9,west,180,1.8,0
-69,0,7,-67,0,0,-78,9,0,-76,7,9,west,180,1.8,0
-72,0,7,-67,0,0,-79,9,0,-75,7,9,west,180,1.8,0
-70,0,7,-67,0,0,-80,9,0,-72,7,9,west,180,1.8,0
-70,0,7,-68,0,0,-77,9,0,-76,7,9,west,180,1.8,0
-70,0,7,-67,0,0,-77,9,0,-75,7,9,west,180,1.8,0
-73,0,7,-66,0,0,-80,9,0,-74,7,9,west,180,1.8,0
-73,0,7,-67,0,0,-82,9,0,-74,7,9,west,180,1.8,0
-74,0,7,-67,0,0,-80,9,0,-76,7,9,west,180,1.8,0
-72,0,7,-67,0,0,-81,9,0,-75,7,9,west,180,1.8,0
-73,0,7,-67,0,0,-81,9,0,-74,7,9,west,180,1.8,0
-72,0,7,-67,0,0,-80,9,0,-75,7,9,west,180,1.8,0
-72,0,7,-67,0,0,-80,9,0,-76,7,9,west,180,1.8,0
-61,0,7,-65,0,0,-77,9,0,-63,7,9,north ,90,3.6,0
-60,0,7,-63,0,0,-72,9,0,-63,7,9,north ,90,3.6,0
-61,0,7,-60,0,0,-73,9,0,-64,7,9,north ,90,3.6,0
-63,0,7,-66,0,0,-77,9,0,-65,7,9,north ,90,3.6,0
-62,0,7,-68,0,0,-74,9,0,-64,7,9,north ,90,3.6,0
-60,0,7,-60,0,0,-72,9,0,-60,7,9,north ,90,3.6,0
-59,0,7,-61,0,0,-77,9,0,-62,7,9,north ,90,3.6,0
-61,0,7,-58,0,0,-79,9,0,-62,7,9,north ,90,3.6,0
-60,0,7,-61,0,0,-78,9,0,-61,7,9,north ,90,3.6,0
-59,0,7,-63,0,0,-75,9,0,-62,7,9,north ,90,3.6,0
-59,0,7,-62,0,0,-77,9,0,-62,7,9,north ,90,3.6,0
-59,0,7,-62,0,0,-76,9,0,-62,7,9,north ,90,3.6,0
-59,0,7,-62,0,0,-76,9,0,-64,7,9,north ,90,3.6,0
-58,0,7,-62,0,0,-74,9,0,-57,7,9,north ,90,3.6,0
-58,0,7,-61,0,0,-74,9,0,-62,7,9,north ,90,3.6,0
-58,0,7,-62,0,0,-76,9,0,-63,7,9,north ,90,3.6,0
-59,0,7,-62,0,0,-75,9,0,-62,7,9,north ,90,3.6,0
-58,0,7,-61,0,0,-77,9,0,-62,7,9,north ,90,3.6,0
-58,0,7,-60,0,0,-75,9,0,-61,7,9,north ,90,3.6,0
-59,0,7,-63,0,0,-76,9,0,-60,7,9,north ,90,3.6,0
-58,0,7,-62,0,0,-77,9,0,-61,7,9,north ,90,3.6,0
-58,0,7,-61,0,0,-75,9,0,-61,7,9,north ,90,3.6,0
-58,0,7,-61,0,0,-74,9,0,-61,7,9,north ,90,3.6,0
-59,0,7,-60,0,0,-76,9,0,-61,7,9,north ,90,3.6,0
-59,0,7,-62,0,0,-77,9,0,-61,7,9,north ,90,3.6,0
-59,0,7,-63,0,0,-74,9,0,-62,7,9,north ,90,3.6,0
-61,0,7,-62,0,0,-77,9,0,-64,7,9,north ,90,3.6,0
-61,0,7,-62,0,0,-75,9,0,-62,7,9,north ,90,3.6,0
-64,0,7,-62,0,0,-77,9,0,-63,7,9,north ,90,3.6,0
-64,0,7,-64,0,0,-79,9,0,-63,7,9,north ,90,3.6,0
-65,0,7,-66,0,0,-82,9,0,-61,7,9,east ,0,3.6,0
-72,0,7,-66,0,0,-79,9,0,-67,7,9,east ,0,3.6,0
-68,0,7,-66,0,0,-81,9,0,-71,7,9,east ,0,3.6,0
-63,0,7,-66,0,0,-79,9,0,-68,7,9,east ,0,3.6,0
-73,0,7,-66,0,0,-78,9,0,-69,7,9,east ,0,3.6,0
-69,0,7,-66,0,0,-80,9,0,-70,7,9,east ,0,3.6,0
-67,0,7,-66,0,0,-81,9,0,-69,7,9,east ,0,3.6,0
-69,0,7,-66,0,0,-78,9,0,-65,7,9,east ,0,3.6,0
-69,0,7,-66,0,0,-83,9,0,-70,7,9,east ,0,3.6,0
-69,0,7,-66,0,0,-79,9,0,-68,7,9,east ,0,3.6,0
-71,0,7,-66,0,0,-80,9,0,-69,7,9,east ,0,3.6,0
-68,0,7,-66,0,0,-81,9,0,-68,7,9,east ,0,3.6,0
-73,0,7,-66,0,0,-82,9,0,-70,7,9,east ,0,3.6,0
-72,0,7,-66,0,0,-82,9,0,-74,7,9,east ,0,3.6,0
-73,0,7,-66,0,0,-82,9,0,-69,7,9,east ,0,3.6,0
-72,0,7,-66,0,0,-81,9,0,-71,7,9,east ,0,3.6,0
-73,0,7,-66,0,0,-81,9,0,-71,7,9,east ,0,3.6,0
-73,0,7,-66,0,0,-80,9,0,-72,7,9,east ,0,3.6,0
-74,0,7,-66,0,0,-80,9,0,-72,7,9,east ,0,3.6,0
-75,0,7,-66,0,0,-82,9,0,-72,7,9,east ,0,3.6,0
-73,0,7,-66,0,0,-82,9,0,-71,7,9,east ,0,3.6,0
-75,0,7,-66,0,0,-82,9,0,-72,7,9,east ,0,3.6,0
-74,0,7,-66,0,0,-82,9,0,-71,7,9,east ,0,3.6,0
-71,0,7,-66,0,0,-82,9,0,-73,7,9,east ,0,3.6,0
-72,0,7,-66,0,0,-83,9,0,-70,7,9,east ,0,3.6,0
-74,0,7,-66,0,0,-83,9,0,-70,7,9,east ,0,3.6,0
-72,0,7,-66,0,0,-80,9,0,-70,7,9,east ,0,3.6,0
-75,0,7,-66,0,0,-82,9,0,-73,7,9,east ,0,3.6,0
-72,0,7,-66,0,0,-81,9,0,-71,7,9,east ,0,3.6,0
-74,0,7,-66,0,0,-81,9,0,-70,7,9,east ,0,3.6,0
-57,0,7,-73,0,0,-76,9,0,-62,7,9,south,270,3.6,0
-55,0,7,-70,0,0,-70,9,0,-62,7,9,south,270,3.6,0
-55,0,7,-71,0,0,-70,9,0,-62,7,9,south,270,3.6,0
-53,0,7,-69,0,0,-69,9,0,-60,7,9,south,270,3.6,0
-53,0,7,-66,0,0,-69,9,0,-60,7,9,south,270,3.6,0
-54,0,7,-67,0,0,-69,9,0,-61,7,9,south,270,3.6,0
-55,0,7,-67,0,0,-69,9,0,-63,7,9,south,270,3.6,0
-58,0,7,-70,0,0,-69,9,0,-64,7,9,south,270,3.6,0
-54,0,7,-69,0,0,-75,9,0,-61,7,9,south,270,3.6,0
-55,0,7,-70,0,0,-70,9,0,-63,7,9,south,270,3.6,0
-54,0,7,-70,0,0,-70,9,0,-61,7,9,south,270,3.6,0
-55,0,7,-67,0,0,-71,9,0,-63,7,9,south,270,3.6,0
-54,0,7,-68,0,0,-71,9,0,-63,7,9,south,270,3.6,0
-55,0,7,-71,0,0,-71,9,0,-66,7,9,south,270,3.6,0
-55,0,7,-73,0,0,-71,9,0,-64,7,9,south,270,3.6,0
-56,0,7,-74,0,0,-71,9,0,-65,7,9,south,270,3.6,0
-55,0,7,-72,0,0,-70,9,0,-63,7,9,south,270,3.6,0
-55,0,7,-69,0,0,-70,9,0,-64,7,9,south,270,3.6,0
-57,0,7,-72,0,0,-70,9,0,-64,7,9,south,270,3.6,0
-56,0,7,-74,0,0,-70,9,0,-62,7,9,south,270,3.6,0
-57,0,7,-71,0,0,-71,9,0,-63,7,9,south,270,3.6,0
-56,0,7,-69,0,0,-70,9,0,-64,7,9,south,270,3.6,0
-57,0,7,-70,0,0,-71,9,0,-64,7,9,south,270,3.6,0
-56,0,7,-70,0,0,-70,9,0,-63,7,9,south,270,3.6,0
-56,0,7,-67,0,0,-71,9,0,-62,7,9,south,270,3.6,0
-58,0,7,-71,0,0,-71,9,0,-63,7,9,south,270,3.6,0
-59,0,7,-72,0,0,-70,9,0,-64,7,9,south,270,3.6,0
-56,0,7,-70,0,0,-71,9,0,-62,7,9,south,270,3.6,0
-56,0,7,-71,0,0,-69,9,0,-64,7,9,south,270,3.6,0
-56,0,7,-71,0,0,-71,9,0,-65,7,9,south,270,3.6,0
-79,0,7,-67,0,0,-73,9,0,-65,7,9,west,180,3.6,0
-74,0,7,-67,0,0,-75,9,0,-67,7,9,west,180,3.6,0
-75,0,7,-66,0,0,-74,9,0,-66,7,9,west,180,3.6,0
-80,0,7,-67,0,0,-73,9,0,-67,7,9,west,180,3.6,0
-74,0,7,-66,0,0,-72,9,0,-67,7,9,west,180,3.6,0
-77,0,7,-67,0,0,-75,9,0,-69,7,9,west,180,3.6,0
-78,0,7,-67,0,0,-74,9,0,-68,7,9,west,180,3.6,0
-77,0,7,-68,0,0,-74,9,0,-68,7,9,west,180,3.6,0
-77,0,7,-69,0,0,-74,9,0,-67,7,9,west,180,3.6,0
-80,0,7,-68,0,0,-74,9,0,-71,7,9,west,180,3.6,0
-77,0,7,-66,0,0,-72,9,0,-70,7,9,west,180,3.6,0
-76,0,7,-67,0,0,-73,9,0,-66,7,9,west,180,3.6,0
-74,0,7,-67,0,0,-72,9,0,-67,7,9,west,180,3.6,0
-76,0,7,-67,0,0,-72,9,0,-68,7,9,west,180,3.6,0
-75,0,7,-67,0,0,-72,9,0,-66,7,9,west,180,3.6,0
-77,0,7,-67,0,0,-72,9,0,-66,7,9,west,180,3.6,0
-74,0,7,-67,0,0,-73,9,0,-67,7,9,west,180,3.6,0
-75,0,7,-67,0,0,-74,9,0,-65,7,9,west,180,3.6,0
-72,0,7,-67,0,0,-74,9,0,-68,7,9,west,180,3.6,0
-77,0,7,-68,0,0,-74,9,0,-68,7,9,west,180,3.6,0
-78,0,7,-69,0,0,-73,9,0,-66,7,9,west,180,3.6,0
-78,0,7,-69,0,0,-73,9,0,-67,7,9,west,180,3.6,0
-78,0,7,-68,0,0,-73,9,0,-67,7,9,west,180,3.6,0
-78,0,7,-67,0,0,-74,9,0,-68,7,9,west,180,3.6,0
-82,0,7,-69,0,0,-74,9,0,-69,7,9,west,180,3.6,0
-80,0,7,-70,0,0,-75,9,0,-69,7,9,west,180,3.6,0
-79,0,7,-68,0,0,-73,9,0,-66,7,9,west,180,3.6,0
-79,0,7,-69,0,0,-73,9,0,-67,7,9,west,180,3.6,0
-79,0,7,-67,0,0,-73,9,0,-67,7,9,west,180,3.6,0
-78,0,7,-70,0,0,-74,9,0,-70,7,9,west,180,3.6,0
-64,0,7,-67,0,0,-72,9,0,-66,7,9,north ,90,5.4,0
-62,0,7,-74,0,0,-71,9,0,-66,7,9,north ,90,5.4,0
-66,0,7,-71,0,0,-71,9,0,-63,7,9,north ,90,5.4,0
-65,0,7,-72,0,0,-70,9,0,-65,7,9,north ,90,5.4,0
-65,0,7,-73,0,0,-73,9,0,-65,7,9,north ,90,5.4,0
-64,0,7,-70,0,0,-66,9,0,-63,7,9,north ,90,5.4,0
-60,0,7,-71,0,0,-68,9,0,-65,7,9,north ,90,5.4,0
-62,0,7,-75,0,0,-67,9,0,-65,7,9,north ,90,5.4,0
-63,0,7,-77,0,0,-67,9,0,-64,7,9,north ,90,5.4,0
-63,0,7,-78,0,0,-69,9,0,-66,7,9,north ,90,5.4,0
-63,0,7,-77,0,0,-68,9,0,-65,7,9,north ,90,5.4,0
-63,0,7,-74,0,0,-70,9,0,-68,7,9,north ,90,5.4,0
-60,0,7,-73,0,0,-68,9,0,-65,7,9,north ,90,5.4,0
-66,0,7,-72,0,0,-70,9,0,-64,7,9,north ,90,5.4,0
-62,0,7,-71,0,0,-67,9,0,-63,7,9,north ,90,5.4,0
-65,0,7,-72,0,0,-70,9,0,-64,7,9,north ,90,5.4,0
-67,0,7,-72,0,0,-70,9,0,-68,7,9,north ,90,5.4,0
-60,0,7,-72,0,0,-67,9,0,-64,7,9,north ,90,5.4,0
-61,0,7,-74,0,0,-67,9,0,-62,7,9,north ,90,5.4,0
-62,0,7,-74,0,0,-67,9,0,-66,7,9,north ,90,5.4,0
-65,0,7,-69,0,0,-70,9,0,-68,7,9,north ,90,5.4,0
-60,0,7,-71,0,0,-67,9,0,-64,7,9,north ,90,5.4,0
-65,0,7,-72,0,0,-66,9,0,-65,7,9,north ,90,5.4,0
-75,0,7,-72,0,0,-73,9,0,-65,7,9,north ,90,5.4,0
-70,0,7,-69,0,0,-70,9,0,-62,7,9,north ,90,5.4,0
-66,0,7,-70,0,0,-70,9,0,-63,7,9,north ,90,5.4,0
-67,0,7,-71,0,0,-69,9,0,-63,7,9,north ,90,5.4,0
-65,0,7,-73,0,0,-68,9,0,-64,7,9,north ,90,5.4,0
-61,0,7,-73,0,0,-75,9,0,-63,7,9,north ,90,5.4,0
-61,0,7,-76,0,0,-70,9,0,-63,7,9,north ,90,5.4,0
-66,0,7,-69,0,0,-86,9,0,-67,7,9,east ,0,5.4,0
-69,0,7,-66,0,0,-84,9,0,-67,7,9,east ,0,5.4,0
-70,0,7,-66,0,0,-83,9,0,-68,7,9,east ,0,5.4,0
-70,0,7,-67,0,0,-84,9,0,-67,7,9,east ,0,5.4,0
-71,0,7,-68,0,0,-84,9,0,-71,7,9,east ,0,5.4,0
-72,0,7,-70,0,0,-87,9,0,-69,7,9,east ,0,5.4,0
-78,0,7,-70,0,0,-83,9,0,-70,7,9,east ,0,5.4,0
-69,0,7,-68,0,0,-78,9,0,-71,7,9,east ,0,5.4,0
-70,0,7,-76,0,0,-84,9,0,-71,7,9,east ,0,5.4,0
-77,0,7,-76,0,0,-82,9,0,-77,7,9,east ,0,5.4,0
-70,0,7,-74,0,0,-85,9,0,-71,7,9,east ,0,5.4,0
-77,0,7,-69,0,0,-79,9,0,-71,7,9,east ,0,5.4,0
-77,0,7,-73,0,0,-79,9,0,-69,7,9,east ,0,5.4,0
-69,0,7,-71,0,0,-76,9,0,-67,7,9,east ,0,5.4,0
-76,0,7,-69,0,0,-77,9,0,-70,7,9,east ,0,5.4,0
-71,0,7,-73,0,0,-81,9,0,-71,7,9,east ,0,5.4,0
-64,0,7,-80,0,0,-78,9,0,-68,7,9,east ,0,5.4,0
-64,0,7,-77,0,0,-80,9,0,-72,7,9,east ,0,5.4,0
-68,0,7,-77,0,0,-77,9,0,-68,7,9,east ,0,5.4,0
-65,0,7,-76,0,0,-81,9,0,-72,7,9,east ,0,5.4,0
-67,0,7,-77,0,0,-82,9,0,-68,7,9,east ,0,5.4,0
-73,0,7,-77,0,0,-71,9,0,-69,7,9,east ,0,5.4,0
-67,0,7,-73,0,0,-81,9,0,-68,7,9,east ,0,5.4,0
-72,0,7,-83,0,0,-76,9,0,-69,7,9,east ,0,5.4,0
-77,0,7,-74,0,0,-81,9,0,-72,7,9,east ,0,5.4,0
-75,0,7,-84,0,0,-76,9,0,-69,7,9,east ,0,5.4,0
-73,0,7,-75,0,0,-81,9,0,-68,7,9,east ,0,5.4,0
-72,0,7,-75,0,0,-82,9,0,-72,7,9,east ,0,5.4,0
-77,0,7,-75,0,0,-76,9,0,-69,7,9,east ,0,5.4,0
-72,0,7,-78,0,0,-77,9,0,-70,7,9,east ,0,5.4,0
-64,0,7,-67,0,0,-70,9,0,-65,7,9,south,270,5.4,0
-67,0,7,-71,0,0,-72,9,0,-67,7,9,south,270,5.4,0
-68,0,7,-67,0,0,-76,9,0,-64,7,9,south,270,5.4,0
-73,0,7,-66,0,0,-73,9,0,-69,7,9,south,270,5.4,0
-70,0,7,-69,0,0,-72,9,0,-67,7,9,south,270,5.4,0
-73,0,7,-68,0,0,-73,9,0,-67,7,9,south,270,5.4,0
-65,0,7,-69,0,0,-70,9,0,-65,7,9,south,270,5.4,0
-68,0,7,-64,0,0,-69,9,0,-63,7,9,south,270,5.4,0
-66,0,7,-68,0,0,-72,9,0,-66,7,9,south,270,5.4,0
-66,0,7,-67,0,0,-70,9,0,-68,7,9,south,270,5.4,0
-66,0,7,-68,0,0,-69,9,0,-69,7,9,south,270,5.4,0
-64,0,7,-69,0,0,-71,9,0,-66,7,9,south,270,5.4,0
-67,0,7,-68,0,0,-73,9,0,-64,7,9,south,270,5.4,0
-67,0,7,-69,0,0,-72,9,0,-63,7,9,south,270,5.4,0
-67,0,7,-68,0,0,-70,9,0,-64,7,9,south,270,5.4,0
-66,0,7,-65,0,0,-72,9,0,-66,7,9,south,270,5.4,0
-66,0,7,-66,0,0,-73,9,0,-63,7,9,south,270,5.4,0
-66,0,7,-73,0,0,-69,9,0,-73,7,9,south,270,5.4,0
-71,0,7,-74,0,0,-70,9,0,-67,7,9,south,270,5.4,0
-64,0,7,-70,0,0,-72,9,0,-68,7,9,south,270,5.4,0
-66,0,7,-67,0,0,-71,9,0,-67,7,9,south,270,5.4,0
-66,0,7,-67,0,0,-70,9,0,-66,7,9,south,270,5.4,0
-67,0,7,-68,0,0,-73,9,0,-66,7,9,south,270,5.4,0
-64,0,7,-68,0,0,-70,9,0,-67,7,9,south,270,5.4,0
-65,0,7,-69,0,0,-73,9,0,-60,7,9,south,270,5.4,0
-65,0,7,-67,0,0,-72,9,0,-63,7,9,south,270,5.4,0
-65,0,7,-68,0,0,-71,9,0,-62,7,9,south,270,5.4,0
-65,0,7,-67,0,0,-72,9,0,-67,7,9,south,270,5.4,0
-66,0,7,-68,0,0,-71,9,0,-63,7,9,south,270,5.4,0
-64,0,7,-68,0,0,-72,9,0,-64,7,9,south,270,5.4,0
-73,0,7,-71,0,0,-75,9,0,-68,7,9,west,180,5.4,0
-74,0,7,-69,0,0,-74,9,0,-70,7,9,west,180,5.4,0
-72,0,7,-69,0,0,-74,9,0,-65,7,9,west,180,5.4,0
-69,0,7,-69,0,0,-71,9,0,-62,7,9,west,180,5.4,0
-70,0,7,-69,0,0,-72,9,0,-66,7,9,west,180,5.4,0
-69,0,7,-77,0,0,-78,9,0,-70,7,9,west,180,5.4,0
-72,0,7,-67,0,0,-74,9,0,-68,7,9,west,180,5.4,0
-76,0,7,-69,0,0,-79,9,0,-67,7,9,west,180,5.4,0
-74,0,7,-72,0,0,-77,9,0,-67,7,9,west,180,5.4,0
-72,0,7,-69,0,0,-78,9,0,-65,7,9,west,180,5.4,0
-71,0,7,-69,0,0,-75,9,0,-66,7,9,west,180,5.4,0
-72,0,7,-67,0,0,-78,9,0,-65,7,9,west,180,5.4,0
-73,0,7,-68,0,0,-76,9,0,-69,7,9,west,180,5.4,0
-70,0,7,-69,0,0,-80,9,0,-68,7,9,west,180,5.4,0
-75,0,7,-71,0,0,-79,9,0,-67,7,9,west,180,5.4,0
-72,0,7,-71,0,0,-77,9,0,-67,7,9,west,180,5.4,0
-72,0,7,-72,0,0,-75,9,0,-66,7,9,west,180,5.4,0
-73,0,7,-71,0,0,-75,9,0,-68,7,9,west,180,5.4,0
-71,0,7,-71,0,0,-77,9,0,-68,7,9,west,180,5.4,0
-73,0,7,-71,0,0,-81,9,0,-68,7,9,west,180,5.4,0
-76,0,7,-71,0,0,-85,9,0,-68,7,9,west,180,5.4,0
-72,0,7,-69,0,0,-79,9,0,-66,7,9,west,180,5.4,0
-72,0,7,-70,0,0,-76,9,0,-66,7,9,west,180,5.4,0
-73,0,7,-69,0,0,-77,9,0,-68,7,9,west,180,5.4,0
-73,0,7,-71,0,0,-77,9,0,-68,7,9,west,180,5.4,0
-71,0,7,-69,0,0,-75,9,0,-77,7,9,west,180,5.4,0
-71,0,7,-68,0,0,-76,9,0,-69,7,9,west,180,5.4,0
-73,0,7,-71,0,0,-76,9,0,-69,7,9,west,180,5.4,0
-72,0,7,-69,0,0,-74,9,0,-69,7,9,west,180,5.4,0
-70,0,7,-69,0,0,-72,9,0,-68,7,9,west,180,5.4,0
-71,0,7,-72,0,0,-73,9,0,-59,7,9,north ,90,7.2,0
-69,0,7,-74,0,0,-70,9,0,-60,7,9,north ,90,7.2,0
-67,0,7,-71,0,0,-70,9,0,-58,7,9,north ,90,7.2,0
-70,0,7,-77,0,0,-67,9,0,-59,7,9,north ,90,7.2,0
-69,0,7,-76,0,0,-71,9,0,-62,7,9,north ,90,7.2,0
-66,0,7,-75,0,0,-74,9,0,-64,7,9,north ,90,7.2,0
-68,0,7,-77,0,0,-69,9,0,-64,7,9,north ,90,7.2,0
-66,0,7,-75,0,0,-70,9,0,-60,7,9,north ,90,7.2,0
-66,0,7,-70,0,0,-71,9,0,-61,7,9,north ,90,7.2,0
-68,0,7,-74,0,0,-72,9,0,-58,7,9,north ,90,7.2,0
-72,0,7,-71,0,0,-66,9,0,-61,7,9,north ,90,7.2,0
-71,0,7,-76,0,0,-70,9,0,-62,7,9,north ,90,7.2,0
-75,0,7,-71,0,0,-72,9,0,-61,7,9,north ,90,7.2,0
-70,0,7,-71,0,0,-71,9,0,-63,7,9,north ,90,7.2,0
-73,0,7,-73,0,0,-72,9,0,-62,7,9,north ,90,7.2,0
-72,0,7,-73,0,0,-70,9,0,-62,7,9,north ,90,7.2,0
-73,0,7,-72,0,0,-72,9,0,-61,7,9,north ,90,7.2,0
-72,0,7,-73,0,0,-68,9,0,-62,7,9,north ,90,7.2,0
-75,0,7,-72,0,0,-71,9,0,-61,7,9,north ,90,7.2,0
-77,0,7,-73,0,0,-71,9,0,-62,7,9,north ,90,7.2,0
-71,0,7,-70,0,0,-69,9,0,-59,7,9,north ,90,7.2,0
-73,0,7,-72,0,0,-69,9,0,-61,7,9,north ,90,7.2,0
-71,0,7,-70,0,0,-70,9,0,-62,7,9,north ,90,7.2,0
-72,0,7,-73,0,0,-69,9,0,-61,7,9,north ,90,7.2,0
-71,0,7,-72,0,0,-70,9,0,-61,7,9,north ,90,7.2,0
-73,0,7,-76,0,0,-70,9,0,-63,7,9,north ,90,7.2,0
-74,0,7,-74,0,0,-66,9,0,-62,7,9,north ,90,7.2,0
-76,0,7,-70,0,0,-75,9,0,-61,7,9,north ,90,7.2,0
-74,0,7,-81,0,0,-71,9,0,-62,7,9,north ,90,7.2,0
-72,0,7,-78,0,0,-73,9,0,-63,7,9,north ,90,7.2,0
-67,0,7,-69,0,0,-75,9,0,-61,7,9,east ,0,7.2,0
-66,0,7,-70,0,0,-71,9,0,-62,7,9,east ,0,7.2,0
-66,0,7,-69,0,0,-74,9,0,-60,7,9,east ,0,7.2,0
-65,0,7,-69,0,0,-71,9,0,-59,7,9,east ,0,7.2,0
-65,0,7,-70,0,0,-70,9,0,-59,7,9,east ,0,7.2,0
-65,0,7,-70,0,0,-72,9,0,-60,7,9,east ,0,7.2,0
-65,0,7,-69,0,0,-71,9,0,-60,7,9,east ,0,7.2,0
-65,0,7,-69,0,0,-73,9,0,-59,7,9,east ,0,7.2,0
-65,0,7,-69,0,0,-70,9,0,-59,7,9,east ,0,7.2,0
-66,0,7,-69,0,0,-71,9,0,-58,7,9,east ,0,7.2,0
-67,0,7,-69,0,0,-70,9,0,-59,7,9,east ,0,7.2,0
-67,0,7,-69,0,0,-71,9,0,-61,7,9,east ,0,7.2,0
-65,0,7,-74,0,0,-71,9,0,-61,7,9,east ,0,7.2,0
-71,0,7,-69,0,0,-72,9,0,-62,7,9,east ,0,7.2,0
-69,0,7,-73,0,0,-73,9,0,-62,7,9,east ,0,7.2,0
-70,0,7,-72,0,0,-73,9,0,-61,7,9,east ,0,7.2,0
-64,0,7,-70,0,0,-73,9,0,-59,7,9,east ,0,7.2,0
-68,0,7,-72,0,0,-68,9,0,-59,7,9,east ,0,7.2,0
-69,0,7,-68,0,0,-71,9,0,-60,7,9,east ,0,7.2,0
-70,0,7,-78,0,0,-73,9,0,-59,7,9,east ,0,7.2,0
-64,0,7,-70,0,0,-69,9,0,-61,7,9,east ,0,7.2,0
-69,0,7,-71,0,0,-72,9,0,-60,7,9,east ,0,7.2,0
-67,0,7,-70,0,0,-73,9,0,-59,7,9,east ,0,7.2,0
-69,0,7,-72,0,0,-75,9,0,-62,7,9,east ,0,7.2,0
-70,0,7,-71,0,0,-74,9,0,-63,7,9,east ,0,7.2,0
-67,0,7,-71,0,0,-76,9,0,-63,7,9,east ,0,7.2,0
-67,0,7,-69,0,0,-73,9,0,-63,7,9,east ,0,7.2,0
-61,0,7,-65,0,0,-69,9,0,-59,7,9,east ,0,7.2,0
-65,0,7,-67,0,0,-71,9,0,-60,7,9,east ,0,7.2,0
-68,0,7,-68,0,0,-74,9,0,-60,7,9,east ,0,7.2,0
-59,0,7,-72,0,0,-66,9,0,-68,7,9,south,270,7.2,0
-57,0,7,-70,0,0,-66,9,0,-63,7,9,south,270,7.2,0
-57,0,7,-70,0,0,-66,9,0,-66,7,9,south,270,7.2,0
-60,0,7,-71,0,0,-68,9,0,-66,7,9,south,270,7.2,0
-59,0,7,-69,0,0,-68,9,0,-65,7,9,south,270,7.2,0
-59,0,7,-72,0,0,-69,9,0,-64,7,9,south,270,7.2,0
-62,0,7,-72,0,0,-66,9,0,-65,7,9,south,270,7.2,0
-58,0,7,-68,0,0,-68,9,0,-66,7,9,south,270,7.2,0
-57,0,7,-70,0,0,-63,9,0,-64,7,9,south,270,7.2,0
-56,0,7,-68,0,0,-64,9,0,-67,7,9,south,270,7.2,0
-57,0,7,-72,0,0,-67,9,0,-67,7,9,south,270,7.2,0
-58,0,7,-72,0,0,-69,9,0,-66,7,9,south,270,7.2,0
-56,0,7,-73,0,0,-67,9,0,-68,7,9,south,270,7.2,0
-57,0,7,-70,0,0,-66,9,0,-66,7,9,south,270,7.2,0
-55,0,7,-70,0,0,-64,9,0,-63,7,9,south,270,7.2,0
-57,0,7,-71,0,0,-68,9,0,-64,7,9,south,270,7.2,0
-57,0,7,-71,0,0,-66,9,0,-64,7,9,south,270,7.2,0
-56,0,7,-70,0,0,-67,9,0,-61,7,9,south,270,7.2,0
-57,0,7,-71,0,0,-67,9,0,-66,7,9,south,270,7.2,0
-55,0,7,-71,0,0,-67,9,0,-63,7,9,south,270,7.2,0
-56,0,7,-70,0,0,-66,9,0,-63,7,9,south,270,7.2,0
-57,0,7,-69,0,0,-65,9,0,-67,7,9,south,270,7.2,0
-57,0,7,-72,0,0,-69,9,0,-65,7,9,south,270,7.2,0
-57,0,7,-71,0,0,-65,9,0,-65,7,9,south,270,7.2,0
-56,0,7,-69,0,0,-67,9,0,-64,7,9,south,270,7.2,0
-56,0,7,-73,0,0,-65,9,0,-66,7,9,south,270,7.2,0
-57,0,7,-71,0,0,-68,9,0,-64,7,9,south,270,7.2,0
-58,0,7,-73,0,0,-68,9,0,-65,7,9,south,270,7.2,0
-58,0,7,-70,0,0,-66,9,0,-65,7,9,south,270,7.2,0
-57,0,7,-72,0,0,-67,9,0,-66,7,9,south,270,7.2,0
-70,0,7,-69,0,0,-77,9,0,-80,7,9,west,180,7.2,0
-68,0,7,-70,0,0,-78,9,0,-87,7,9,west,180,7.2,0
-67,0,7,-67,0,0,-76,9,0,-72,7,9,west,180,7.2,0
-69,0,7,-66,0,0,-73,9,0,-67,7,9,west,180,7.2,0
-64,0,7,-67,0,0,-74,9,0,-80,7,9,west,180,7.2,0
-69,0,7,-68,0,0,-76,9,0,-78,7,9,west,180,7.2,0
-67,0,7,-68,0,0,-72,9,0,-70,7,9,west,180,7.2,0
-67,0,7,-67,0,0,-71,9,0,-73,7,9,west,180,7.2,0
-76,0,7,-69,0,0,-73,9,0,-74,7,9,west,180,7.2,0
-67,0,7,-69,0,0,-74,9,0,-77,7,9,west,180,7.2,0
-64,0,7,-68,0,0,-75,9,0,-74,7,9,west,180,7.2,0
-66,0,7,-67,0,0,-72,9,0,-77,7,9,west,180,7.2,0
-66,0,7,-71,0,0,-78,9,0,-74,7,9,west,180,7.2,0
-69,0,7,-65,0,0,-77,9,0,-75,7,9,west,180,7.2,0
-68,0,7,-69,0,0,-75,9,0,-72,7,9,west,180,7.2,0
-69,0,7,-69,0,0,-77,9,0,-82,7,9,west,180,7.2,0
-66,0,7,-68,0,0,-80,9,0,-77,7,9,west,180,7.2,0
-64,0,7,-68,0,0,-71,9,0,-77,7,9,west,180,7.2,0
-68,0,7,-69,0,0,-76,9,0,-81,7,9,west,180,7.2,0
-66,0,7,-66,0,0,-74,9,0,-82,7,9,west,180,7.2,0
-68,0,7,-67,0,0,-73,9,0,-79,7,9,west,180,7.2,0
-65,0,7,-69,0,0,-84,9,0,-72,7,9,west,180,7.2,0
-66,0,7,-69,0,0,-74,9,0,-75,7,9,west,180,7.2,0
-68,0,7,-68,0,0,-77,9,0,-72,7,9,west,180,7.2,0
-65,0,7,-69,0,0,-79,9,0,-75,7,9,west,180,7.2,0
-68,0,7,-64,0,0,-80,9,0,-74,7,9,west,180,7.2,0
-67,0,7,-68,0,0,-74,9,0,-71,7,9,west,180,7.2,0
-66,0,7,-67,0,0,-74,9,0,-69,7,9,west,180,7.2,0
-66,0,7,-66,0,0,-77,9,0,-70,7,9,west,180,7.2,0
-68,0,7,-70,0,0,-76,9,0,-69,7,9,west,180,7.2,0
-72,0,7,-70,0,0,-65,9,0,-69,7,9,north ,90,9,0
-79,0,7,-69,0,0,-68,9,0,-69,7,9,north ,90,9,0
-74,0,7,-70,0,0,-63,9,0,-69,7,9,north ,90,9,0
-72,0,7,-70,0,0,-60,9,0,-67,7,9,north ,90,9,0
-70,0,7,-72,0,0,-57,9,0,-72,7,9,north ,90,9,0
-73,0,7,-73,0,0,-57,9,0,-70,7,9,north ,90,9,0
-72,0,7,-69,0,0,-58,9,0,-66,7,9,north ,90,9,0
-73,0,7,-65,0,0,-60,9,0,-69,7,9,north ,90,9,0
-73,0,7,-68,0,0,-60,9,0,-71,7,9,north ,90,9,0
-72,0,7,-68,0,0,-59,9,0,-68,7,9,north ,90,9,0
-69,0,7,-64,0,0,-57,9,0,-66,7,9,north ,90,9,0
-68,0,7,-65,0,0,-59,9,0,-68,7,9,north ,90,9,0
-74,0,7,-66,0,0,-65,9,0,-70,7,9,north ,90,9,0
-73,0,7,-66,0,0,-56,9,0,-70,7,9,north ,90,9,0
-77,0,7,-68,0,0,-62,9,0,-68,7,9,north ,90,9,0
-71,0,7,-68,0,0,-66,9,0,-70,7,9,north ,90,9,0
-70,0,7,-67,0,0,-61,9,0,-70,7,9,north ,90,9,0
-69,0,7,-70,0,0,-60,9,0,-71,7,9,north ,90,9,0
-72,0,7,-69,0,0,-60,9,0,-68,7,9,north ,90,9,0
-70,0,7,-69,0,0,-63,9,0,-68,7,9,north ,90,9,0
-71,0,7,-64,0,0,-60,9,0,-70,7,9,north ,90,9,0
-74,0,7,-69,0,0,-58,9,0,-69,7,9,north ,90,9,0
-72,0,7,-70,0,0,-60,9,0,-69,7,9,north ,90,9,0
-72,0,7,-70,0,0,-58,9,0,-70,7,9,north ,90,9,0
-70,0,7,-69,0,0,-59,9,0,-67,7,9,north ,90,9,0
-69,0,7,-67,0,0,-58,9,0,-69,7,9,north ,90,9,0
-69,0,7,-65,0,0,-64,9,0,-75,7,9,north ,90,9,0
-68,0,7,-67,0,0,-55,9,0,-75,7,9,north ,90,9,0
-65,0,7,-66,0,0,-54,9,0,-69,7,9,north ,90,9,0
-66,0,7,-68,0,0,-60,9,0,-71,7,9,north ,90,9,0
-66,0,7,-81,0,0,-68,9,0,-68,7,9,east ,0,9,0
-67,0,7,-81,0,0,-69,9,0,-69,7,9,east ,0,9,0
-64,0,7,-79,0,0,-69,9,0,-69,7,9,east ,0,9,0
-64,0,7,-72,0,0,-68,9,0,-68,7,9,east ,0,9,0
-67,0,7,-79,0,0,-65,9,0,-68,7,9,east ,0,9,0
-65,0,7,-77,0,0,-65,9,0,-68,7,9,east ,0,9,0
-64,0,7,-78,0,0,-66,9,0,-67,7,9,east ,0,9,0
-65,0,7,-82,0,0,-66,9,0,-67,7,9,east ,0,9,0
-65,0,7,-81,0,0,-66,9,0,-67,7,9,east ,0,9,0
-64,0,7,-79,0,0,-66,9,0,-66,7,9,east ,0,9,0
-64,0,7,-75,0,0,-64,9,0,-69,7,9,east ,0,9,0
-65,0,7,-80,0,0,-66,9,0,-68,7,9,east ,0,9,0
-65,0,7,-76,0,0,-64,9,0,-69,7,9,east ,0,9,0
-65,0,7,-80,0,0,-69,9,0,-68,7,9,east ,0,9,0
-67,0,7,-80,0,0,-66,9,0,-67,7,9,east ,0,9,0
-66,0,7,-77,0,0,-64,9,0,-66,7,9,east ,0,9,0
-66,0,7,-77,0,0,-65,9,0,-68,7,9,east ,0,9,0
-67,0,7,-77,0,0,-65,9,0,-67,7,9,east ,0,9,0
-66,0,7,-81,0,0,-65,9,0,-67,7,9,east ,0,9,0
-66,0,7,-77,0,0,-64,9,0,-67,7,9,east ,0,9,0
-70,0,7,-77,0,0,-67,9,0,-67,7,9,east ,0,9,0
-67,0,7,-78,0,0,-69,9,0,-67,7,9,east ,0,9,0
-68,0,7,-79,0,0,-67,9,0,-68,7,9,east ,0,9,0
-67,0,7,-78,0,0,-67,9,0,-69,7,9,east ,0,9,0
-67,0,7,-79,0,0,-68,9,0,-70,7,9,east ,0,9,0
-67,0,7,-76,0,0,-67,9,0,-70,7,9,east ,0,9,0
-67,0,7,-76,0,0,-69,9,0,-69,7,9,east ,0,9,0
-65,0,7,-72,0,0,-66,9,0,-69,7,9,east ,0,9,0
-64,0,7,-73,0,0,-66,9,0,-70,7,9,east ,0,9,0
-67,0,7,-81,0,0,-61,9,0,-67,7,9,east ,0,9,0
-66,0,7,-75,0,0,-64,9,0,-72,7,9,south,270,9,0
-70,0,7,-81,0,0,-70,9,0,-82,7,9,south,270,9,0
-72,0,7,-80,0,0,-72,9,0,-75,7,9,south,270,9,0
-68,0,7,-79,0,0,-70,9,0,-76,7,9,south,270,9,0
-72,0,7,-79,0,0,-67,9,0,-76,7,9,south,270,9,0
-70,0,7,-80,0,0,-65,9,0,-75,7,9,south,270,9,0
-76,0,7,-76,0,0,-68,9,0,-72,7,9,south,270,9,0
-70,0,7,-83,0,0,-63,9,0,-74,7,9,south,270,9,0
-68,0,7,-80,0,0,-68,9,0,-73,7,9,south,270,9,0
-70,0,7,-80,0,0,-72,9,0,-73,7,9,south,270,9,0
-70,0,7,-80,0,0,-58,9,0,-73,7,9,south,270,9,0
-71,0,7,-80,0,0,-59,9,0,-73,7,9,south,270,9,0
-67,0,7,-79,0,0,-67,9,0,-73,7,9,south,270,9,0
-68,0,7,-81,0,0,-67,9,0,-75,7,9,south,270,9,0
-67,0,7,-78,0,0,-68,9,0,-76,7,9,south,270,9,0
-71,0,7,-80,0,0,-66,9,0,-77,7,9,south,270,9,0
-70,0,7,-80,0,0,-58,9,0,-77,7,9,south,270,9,0
-68,0,7,-79,0,0,-59,9,0,-72,7,9,south,270,9,0
-71,0,7,-79,0,0,-67,9,0,-70,7,9,south,270,9,0
-71,0,7,-81,0,0,-61,9,0,-74,7,9,south,270,9,0
-70,0,7,-80,0,0,-66,9,0,-74,7,9,south,270,9,0
-67,0,7,-79,0,0,-67,9,0,-74,7,9,south,270,9,0
-71,0,7,-78,0,0,-62,9,0,-73,7,9,south,270,9,0
-69,0,7,-82,0,0,-67,9,0,-71,7,9,south,270,9,0
-69,0,7,-74,0,0,-65,9,0,-72,7,9,south,270,9,0
-67,0,7,-74,0,0,-71,9,0,-72,7,9,south,270,9,0
-71,0,7,-76,0,0,-62,9,0,-75,7,9,south,270,9,0
-69,0,7,-76,0,0,-66,9,0,-73,7,9,south,270,9,0
-72,0,7,-78,0,0,-65,9,0,-70,7,9,south,270,9,0
-74,0,7,-76,0,0,-62,9,0,-70,7,9,south,270,9,0
-63,0,7,-72,0,0,-61,9,0,-76,7,9,west,180,9,0
-65,0,7,-74,0,0,-62,9,0,-77,7,9,west,180,9,0
-64,0,7,-73,0,0,-61,9,0,-73,7,9,west,180,9,0
-64,0,7,-74,0,0,-60,9,0,-77,7,9,west,180,9,0
-68,0,7,-76,0,0,-54,9,0,-85,7,9,west,180,9,0
-64,0,7,-68,0,0,-55,9,0,-76,7,9,west,180,9,0
-65,0,7,-72,0,0,-57,9,0,-77,7,9,west,180,9,0
-62,0,7,-72,0,0,-55,9,0,-70,7,9,west,180,9,0
-63,0,7,-71,0,0,-54,9,0,-74,7,9,west,180,9,0
-63,0,7,-71,0,0,-52,9,0,-72,7,9,west,180,9,0
-63,0,7,-70,0,0,-56,9,0,-75,7,9,west,180,9,0
-64,0,7,-71,0,0,-56,9,0,-76,7,9,west,180,9,0
-63,0,7,-70,0,0,-55,9,0,-75,7,9,west,180,9,0
-63,0,7,-70,0,0,-58,9,0,-74,7,9,west,180,9,0
-62,0,7,-72,0,0,-56,9,0,-76,7,9,west,180,9,0
-62,0,7,-72,0,0,-56,9,0,-78,7,9,west,180,9,0
-64,0,7,-68,0,0,-58,9,0,-78,7,9,west,180,9,0
-64,0,7,-70,0,0,-59,9,0,-75,7,9,west,180,9,0
-63,0,7,-73,0,0,-56,9,0,-77,7,9,west,180,9,0
-64,0,7,-69,0,0,-59,9,0,-69,7,9,west,180,9,0
-65,0,7,-71,0,0,-57,9,0,-76,7,9,west,180,9,0
-64,0,7,-73,0,0,-55,9,0,-82,7,9,west,180,9,0
-63,0,7,-70,0,0,-56,9,0,-76,7,9,west,180,9,0
-63,0,7,-69,0,0,-58,9,0,-86,7,9,west,180,9,0
-64,0,7,-71,0,0,-53,9,0,-78,7,9,west,180,9,0
-64,0,7,-70,0,0,-56,9,0,-78,7,9,west,180,9,0
-64,0,7,-72,0,0,-58,9,0,-74,7,9,west,180,9,0
-65,0,7,-72,0,0,-55,9,0,-77,7,9,west,180,9,0
-65,0,7,-71,0,0,-55,9,0,-77,7,9,west,180,9,0
-65,0,7,-69,0,0,-55,9,0,-81,7,9,west,180,9,0
-54,0,7,-67,0,0,-72,9,0,-58,7,9,north ,90,1.8,2.5
-54,0,7,-69,0,0,-78,9,0,-58,7,9,north ,90,1.8,2.5
-57,0,7,-68,0,0,-74,9,0,-59,7,9,north ,90,1.8,2.5
-56,0,7,-73,0,0,-75,9,0,-60,7,9,north ,90,1.8,2.5
-56,0,7,-77,0,0,-72,9,0,-59,7,9,north ,90,1.8,2.5
-57,0,7,-73,0,0,-73,9,0,-61,7,9,north ,90,1.8,2.5
-59,0,7,-73,0,0,-73,9,0,-61,7,9,north ,90,1.8,2.5
-57,0,7,-71,0,0,-74,9,0,-61,7,9,north ,90,1.8,2.5
-57,0,7,-73,0,0,-73,9,0,-61,7,9,north ,90,1.8,2.5
-57,0,7,-73,0,0,-75,9,0,-61,7,9,north ,90,1.8,2.5
-58,0,7,-72,0,0,-73,9,0,-61,7,9,north ,90,1.8,2.5
-58,0,7,-73,0,0,-74,9,0,-61,7,9,north ,90,1.8,2.5
-59,0,7,-73,0,0,-72,9,0,-61,7,9,north ,90,1.8,2.5
-56,0,7,-73,0,0,-73,9,0,-61,7,9,north ,90,1.8,2.5
-57,0,7,-72,0,0,-72,9,0,-60,7,9,north ,90,1.8,2.5
-56,0,7,-72,0,0,-72,9,0,-60,7,9,north ,90,1.8,2.5
-56,0,7,-72,0,0,-72,9,0,-60,7,9,north ,90,1.8,2.5
-56,0,7,-72,0,0,-74,9,0,-60,7,9,north ,90,1.8,2.5
-56,0,7,-72,0,0,-73,9,0,-60,7,9,north ,90,1.8,2.5
-56,0,7,-72,0,0,-73,9,0,-60,7,9,north ,90,1.8,2.5
-53,0,7,-70,0,0,-70,9,0,-57,7,9,north ,90,1.8,2.5
-55,0,7,-69,0,0,-68,9,0,-57,7,9,north ,90,1.8,2.5
-56,0,7,-68,0,0,-76,9,0,-58,7,9,north ,90,1.8,2.5
-58,0,7,-71,0,0,-78,9,0,-59,7,9,north ,90,1.8,2.5
-57,0,7,-67,0,0,-74,9,0,-59,7,9,north ,90,1.8,2.5
-56,0,7,-69,0,0,-74,9,0,-61,7,9,north ,90,1.8,2.5
-57,0,7,-71,0,0,-75,9,0,-70,7,9,north ,90,1.8,2.5
-56,0,7,-72,0,0,-74,9,0,-69,7,9,north ,90,1.8,2.5
-56,0,7,-71,0,0,-76,9,0,-66,7,9,north ,90,1.8,2.5
-57,0,7,-69,0,0,-76,9,0,-61,7,9,north ,90,1.8,2.5
-57,0,7,-69,0,0,-73,9,0,-64,7,9,east ,0,1.8,2.5
-59,0,7,-70,0,0,-74,9,0,-66,7,9,east ,0,1.8,2.5
-61,0,7,-71,0,0,-76,9,0,-67,7,9,east ,0,1.8,2.5
-62,0,7,-70,0,0,-76,9,0,-68,7,9,east ,0,1.8,2.5
-60,0,7,-69,0,0,-75,9,0,-65,7,9,east ,0,1.8,2.5
-63,0,7,-71,0,0,-76,9,0,-68,7,9,east ,0,1.8,2.5
-62,0,7,-71,0,0,-77,9,0,-68,7,9,east ,0,1.8,2.5
-61,0,7,-71,0,0,-76,9,0,-67,7,9,east ,0,1.8,2.5
-61,0,7,-69,0,0,-75,9,0,-66,7,9,east ,0,1.8,2.5
-61,0,7,-74,0,0,-74,9,0,-66,7,9,east ,0,1.8,2.5
-59,0,7,-72,0,0,-77,9,0,-65,7,9,east ,0,1.8,2.5
-58,0,7,-69,0,0,-74,9,0,-64,7,9,east ,0,1.8,2.5
-59,0,7,-70,0,0,-75,9,0,-67,7,9,east ,0,1.8,2.5
-61,0,7,-70,0,0,-76,9,0,-66,7,9,east ,0,1.8,2.5
-62,0,7,-73,0,0,-77,9,0,-68,7,9,east ,0,1.8,2.5
-61,0,7,-74,0,0,-77,9,0,-68,7,9,east ,0,1.8,2.5
-62,0,7,-72,0,0,-77,9,0,-67,7,9,east ,0,1.8,2.5
-61,0,7,-72,0,0,-79,9,0,-68,7,9,east ,0,1.8,2.5
-61,0,7,-74,0,0,-78,9,0,-69,7,9,east ,0,1.8,2.5
-61,0,7,-72,0,0,-77,9,0,-67,7,9,east ,0,1.8,2.5
-61,0,7,-72,0,0,-77,9,0,-68,7,9,east ,0,1.8,2.5
-60,0,7,-72,0,0,-78,9,0,-67,7,9,east ,0,1.8,2.5
-63,0,7,-73,0,0,-78,9,0,-68,7,9,east ,0,1.8,2.5
-63,0,7,-72,0,0,-78,9,0,-73,7,9,east ,0,1.8,2.5
-63,0,7,-73,0,0,-78,9,0,-68,7,9,east ,0,1.8,2.5
-64,0,7,-73,0,0,-77,9,0,-69,7,9,east ,0,1.8,2.5
-63,0,7,-72,0,0,-81,9,0,-68,7,9,east ,0,1.8,2.5
-63,0,7,-75,0,0,-77,9,0,-69,7,9,east ,0,1.8,2.5
-62,0,7,-75,0,0,-77,9,0,-69,7,9,east ,0,1.8,2.5
-61,0,7,-71,0,0,-77,9,0,-68,7,9,east ,0,1.8,2.5
-67,0,7,-71,0,0,-78,9,0,-62,7,9,south,270,1.8,2.5
-68,0,7,-72,0,0,-77,9,0,-63,7,9,south,270,1.8,2.5
-69,0,7,-73,0,0,-78,9,0,-63,7,9,south,270,1.8,2.5
-68,0,7,-75,0,0,-79,9,0,-63,7,9,south,270,1.8,2.5
-69,0,7,-74,0,0,-78,9,0,-63,7,9,south,270,1.8,2.5
-70,0,7,-75,0,0,-81,9,0,-66,7,9,south,270,1.8,2.5
-69,0,7,-73,0,0,-82,9,0,-64,7,9,south,270,1.8,2.5
-67,0,7,-72,0,0,-81,9,0,-64,7,9,south,270,1.8,2.5
-64,0,7,-70,0,0,-79,9,0,-62,7,9,south,270,1.8,2.5
-64,0,7,-70,0,0,-80,9,0,-61,7,9,south,270,1.8,2.5
-64,0,7,-72,0,0,-82,9,0,-63,7,9,south,270,1.8,2.5
-68,0,7,-71,0,0,-80,9,0,-61,7,9,south,270,1.8,2.5
-66,0,7,-74,0,0,-80,9,0,-64,7,9,south,270,1.8,2.5
-67,0,7,-74,0,0,-81,9,0,-64,7,9,south,270,1.8,2.5
-73,0,7,-75,0,0,-79,9,0,-64,7,9,south,270,1.8,2.5
-69,0,7,-73,0,0,-81,9,0,-64,7,9,south,270,1.8,2.5
-69,0,7,-75,0,0,-82,9,0,-64,7,9,south,270,1.8,2.5
-68,0,7,-72,0,0,-83,9,0,-64,7,9,south,270,1.8,2.5
-70,0,7,-71,0,0,-90,9,0,-64,7,9,south,270,1.8,2.5
-68,0,7,-73,0,0,-81,9,0,-64,7,9,south,270,1.8,2.5
-69,0,7,-73,0,0,-84,9,0,-64,7,9,south,270,1.8,2.5
-69,0,7,-74,0,0,-90,9,0,-64,7,9,south,270,1.8,2.5
-65,0,7,-72,0,0,-81,9,0,-62,7,9,south,270,1.8,2.5
-65,0,7,-72,0,0,-82,9,0,-65,7,9,south,270,1.8,2.5
-66,0,7,-73,0,0,-82,9,0,-62,7,9,south,270,1.8,2.5
-65,0,7,-71,0,0,-86,9,0,-62,7,9,south,270,1.8,2.5
-66,0,7,-71,0,0,-80,9,0,-63,7,9,south,270,1.8,2.5
-67,0,7,-70,0,0,-83,9,0,-63,7,9,south,270,1.8,2.5
-67,0,7,-72,0,0,-81,9,0,-62,7,9,south,270,1.8,2.5
-68,0,7,-72,0,0,-81,9,0,-63,7,9,south,270,1.8,2.5
-66,0,7,-76,0,0,-75,9,0,-67,7,9,west,180,1.8,2.5
-67,0,7,-78,0,0,-75,9,0,-67,7,9,west,180,1.8,2.5
-67,0,7,-79,0,0,-75,9,0,-68,7,9,west,180,1.8,2.5
-65,0,7,-79,0,0,-76,9,0,-70,7,9,west,180,1.8,2.5
-66,0,7,-78,0,0,-75,9,0,-71,7,9,west,180,1.8,2.5
-62,0,7,-77,0,0,-73,9,0,-68,7,9,west,180,1.8,2.5
-66,0,7,-79,0,0,-75,9,0,-69,7,9,west,180,1.8,2.5
-65,0,7,-82,0,0,-72,9,0,-68,7,9,west,180,1.8,2.5
-64,0,7,-76,0,0,-72,9,0,-70,7,9,west,180,1.8,2.5
-65,0,7,-78,0,0,-72,9,0,-69,7,9,west,180,1.8,2.5
-66,0,7,-77,0,0,-71,9,0,-69,7,9,west,180,1.8,2.5
-63,0,7,-78,0,0,-73,9,0,-68,7,9,west,180,1.8,2.5
-64,0,7,-78,0,0,-72,9,0,-70,7,9,west,180,1.8,2.5
-66,0,7,-77,0,0,-81,9,0,-70,7,9,west,180,1.8,2.5
-64,0,7,-77,0,0,-75,9,0,-70,7,9,west,180,1.8,2.5
-65,0,7,-79,0,0,-73,9,0,-70,7,9,west,180,1.8,2.5
-64,0,7,-75,0,0,-71,9,0,-67,7,9,west,180,1.8,2.5
-63,0,7,-76,0,0,-71,9,0,-68,7,9,west,180,1.8,2.5
-64,0,7,-76,0,0,-72,9,0,-69,7,9,west,180,1.8,2.5
-62,0,7,-78,0,0,-71,9,0,-70,7,9,west,180,1.8,2.5
-64,0,7,-77,0,0,-72,9,0,-69,7,9,west,180,1.8,2.5
-64,0,7,-77,0,0,-71,9,0,-69,7,9,west,180,1.8,2.5
-64,0,7,-75,0,0,-72,9,0,-68,7,9,west,180,1.8,2.5
-64,0,7,-78,0,0,-71,9,0,-68,7,9,west,180,1.8,2.5
-62,0,7,-77,0,0,-72,9,0,-69,7,9,west,180,1.8,2.5
-63,0,7,-78,0,0,-72,9,0,-69,7,9,west,180,1.8,2.5
-63,0,7,-75,0,0,-72,9,0,-69,7,9,west,180,1.8,2.5
-65,0,7,-82,0,0,-73,9,0,-70,7,9,west,180,1.8,2.5
-64,0,7,-77,0,0,-74,9,0,-69,7,9,west,180,1.8,2.5
-64,0,7,-77,0,0,-71,9,0,-71,7,9,west,180,1.8,2.5
-61,0,7,-72,0,0,-73,9,0,-60,7,9,north ,90,3.6,2.8
-59,0,7,-71,0,0,-68,9,0,-59,7,9,north ,90,3.6,2.8
-61,0,7,-71,0,0,-70,9,0,-58,7,9,north ,90,3.6,2.8
-62,0,7,-71,0,0,-71,9,0,-59,7,9,north ,90,3.6,2.8
-61,0,7,-69,0,0,-71,9,0,-59,7,9,north ,90,3.6,2.8
-62,0,7,-72,0,0,-72,9,0,-61,7,9,north ,90,3.6,2.8
-61,0,7,-68,0,0,-70,9,0,-59,7,9,north ,90,3.6,2.8
-61,0,7,-70,0,0,-72,9,0,-61,7,9,north ,90,3.6,2.8
-63,0,7,-71,0,0,-73,9,0,-62,7,9,north ,90,3.6,2.8
-63,0,7,-70,0,0,-69,9,0,-60,7,9,north ,90,3.6,2.8
-62,0,7,-71,0,0,-70,9,0,-62,7,9,north ,90,3.6,2.8
-60,0,7,-66,0,0,-71,9,0,-59,7,9,north ,90,3.6,2.8
-60,0,7,-69,0,0,-71,9,0,-60,7,9,north ,90,3.6,2.8
-59,0,7,-68,0,0,-70,9,0,-58,7,9,north ,90,3.6,2.8
-61,0,7,-69,0,0,-71,9,0,-59,7,9,north ,90,3.6,2.8
-60,0,7,-72,0,0,-73,9,0,-60,7,9,north ,90,3.6,2.8
-61,0,7,-73,0,0,-72,9,0,-60,7,9,north ,90,3.6,2.8
-61,0,7,-72,0,0,-73,9,0,-60,7,9,north ,90,3.6,2.8
-64,0,7,-73,0,0,-75,9,0,-61,7,9,north ,90,3.6,2.8
-63,0,7,-73,0,0,-74,9,0,-60,7,9,north ,90,3.6,2.8
-60,0,7,-70,0,0,-72,9,0,-60,7,9,north ,90,3.6,2.8
-58,0,7,-68,0,0,-70,9,0,-57,7,9,north ,90,3.6,2.8
-60,0,7,-72,0,0,-72,9,0,-60,7,9,north ,90,3.6,2.8
-61,0,7,-71,0,0,-72,9,0,-59,7,9,north ,90,3.6,2.8
-62,0,7,-70,0,0,-73,9,0,-60,7,9,north ,90,3.6,2.8
-61,0,7,-71,0,0,-73,9,0,-61,7,9,north ,90,3.6,2.8
-61,0,7,-72,0,0,-72,9,0,-60,7,9,north ,90,3.6,2.8
-61,0,7,-72,0,0,-73,9,0,-59,7,9,north ,90,3.6,2.8
-59,0,7,-69,0,0,-71,9,0,-59,7,9,north ,90,3.6,2.8
-59,0,7,-68,0,0,-71,9,0,-58,7,9,north ,90,3.6,2.8
-62,0,7,-77,0,0,-75,9,0,-61,7,9,east ,0,3.6,2.8
-62,0,7,-77,0,0,-75,9,0,-61,7,9,east ,0,3.6,2.8
-64,0,7,-79,0,0,-76,9,0,-64,7,9,east ,0,3.6,2.8
-66,0,7,-81,0,0,-78,9,0,-64,7,9,east ,0,3.6,2.8
-67,0,7,-80,0,0,-77,9,0,-60,7,9,east ,0,3.6,2.8
-63,0,7,-78,0,0,-75,9,0,-61,7,9,east ,0,3.6,2.8
-63,0,7,-80,0,0,-73,9,0,-60,7,9,east ,0,3.6,2.8
-63,0,7,-80,0,0,-72,9,0,-62,7,9,east ,0,3.6,2.8
-62,0,7,-79,0,0,-72,9,0,-61,7,9,east ,0,3.6,2.8
-64,0,7,-81,0,0,-75,9,0,-63,7,9,east ,0,3.6,2.8
-64,0,7,-82,0,0,-75,9,0,-62,7,9,east ,0,3.6,2.8
-65,0,7,-80,0,0,-74,9,0,-64,7,9,east ,0,3.6,2.8
-65,0,7,-80,0,0,-76,9,0,-64,7,9,east ,0,3.6,2.8
-66,0,7,-80,0,0,-75,9,0,-64,7,9,east ,0,3.6,2.8
-65,0,7,-79,0,0,-75,9,0,-64,7,9,east ,0,3.6,2.8
-65,0,7,-80,0,0,-75,9,0,-63,7,9,east ,0,3.6,2.8
-65,0,7,-77,0,0,-76,9,0,-64,7,9,east ,0,3.6,2.8
-65,0,7,-80,0,0,-76,9,0,-64,7,9,east ,0,3.6,2.8
-65,0,7,-80,0,0,-75,9,0,-64,7,9,east ,0,3.6,2.8
-64,0,7,-81,0,0,-75,9,0,-63,7,9,east ,0,3.6,2.8
-66,0,7,-82,0,0,-76,9,0,-66,7,9,east ,0,3.6,2.8
-64,0,7,-80,0,0,-74,9,0,-61,7,9,east ,0,3.6,2.8
-63,0,7,-78,0,0,-74,9,0,-62,7,9,east ,0,3.6,2.8
-63,0,7,-78,0,0,-74,9,0,-63,7,9,east ,0,3.6,2.8
-60,0,7,-80,0,0,-75,9,0,-64,7,9,east ,0,3.6,2.8
-63,0,7,-79,0,0,-73,9,0,-63,7,9,east ,0,3.6,2.8
-59,0,7,-79,0,0,-73,9,0,-63,7,9,east ,0,3.6,2.8
-64,0,7,-79,0,0,-77,9,0,-63,7,9,east ,0,3.6,2.8
-60,0,7,-75,0,0,-74,9,0,-63,7,9,east ,0,3.6,2.8
-64,0,7,-78,0,0,-77,9,0,-64,7,9,east ,0,3.6,2.8
-65,0,7,-74,0,0,-77,9,0,-66,7,9,south,270,3.6,2.8
-66,0,7,-78,0,0,-82,9,0,-69,7,9,south,270,3.6,2.8
-66,0,7,-77,0,0,-84,9,0,-70,7,9,south,270,3.6,2.8
-66,0,7,-77,0,0,-83,9,0,-70,7,9,south,270,3.6,2.8
-66,0,7,-77,0,0,-83,9,0,-71,7,9,south,270,3.6,2.8
-63,0,7,-76,0,0,-80,9,0,-67,7,9,south,270,3.6,2.8
-63,0,7,-74,0,0,-82,9,0,-67,7,9,south,270,3.6,2.8
-66,0,7,-77,0,0,-81,9,0,-68,7,9,south,270,3.6,2.8
-67,0,7,-77,0,0,-82,9,0,-68,7,9,south,270,3.6,2.8
-66,0,7,-73,0,0,-81,9,0,-68,7,9,south,270,3.6,2.8
-66,0,7,-74,0,0,-77,9,0,-71,7,9,south,270,3.6,2.8
-67,0,7,-76,0,0,-75,9,0,-74,7,9,south,270,3.6,2.8
-64,0,7,-76,0,0,-75,9,0,-70,7,9,south,270,3.6,2.8
-67,0,7,-75,0,0,-75,9,0,-79,7,9,south,270,3.6,2.8
-66,0,7,-76,0,0,-74,9,0,-77,7,9,south,270,3.6,2.8
-66,0,7,-76,0,0,-74,9,0,-74,7,9,south,270,3.6,2.8
-66,0,7,-75,0,0,-75,9,0,-72,7,9,south,270,3.6,2.8
-66,0,7,-73,0,0,-74,9,0,-76,7,9,south,270,3.6,2.8
-66,0,7,-75,0,0,-75,9,0,-75,7,9,south,270,3.6,2.8
-67,0,7,-74,0,0,-75,9,0,-73,7,9,south,270,3.6,2.8
-66,0,7,-75,0,0,-76,9,0,-72,7,9,south,270,3.6,2.8
-66,0,7,-74,0,0,-74,9,0,-74,7,9,south,270,3.6,2.8
-66,0,7,-73,0,0,-74,9,0,-66,7,9,south,270,3.6,2.8
-65,0,7,-73,0,0,-74,9,0,-66,7,9,south,270,3.6,2.8
-67,0,7,-73,0,0,-74,9,0,-68,7,9,south,270,3.6,2.8
-67,0,7,-74,0,0,-75,9,0,-67,7,9,south,270,3.6,2.8
-67,0,7,-73,0,0,-75,9,0,-67,7,9,south,270,3.6,2.8
-66,0,7,-73,0,0,-75,9,0,-68,7,9,south,270,3.6,2.8
-64,0,7,-72,0,0,-75,9,0,-69,7,9,south,270,3.6,2.8
-67,0,7,-72,0,0,-74,9,0,-69,7,9,south,270,3.6,2.8
-65,0,7,-72,0,0,-78,9,0,-63,7,9,west,180,3.6,2.8
-66,0,7,-75,0,0,-79,9,0,-65,7,9,west,180,3.6,2.8
-68,0,7,-72,0,0,-80,9,0,-64,7,9,west,180,3.6,2.8
-69,0,7,-74,0,0,-78,9,0,-64,7,9,west,180,3.6,2.8
-64,0,7,-73,0,0,-75,9,0,-71,7,9,west,180,3.6,2.8
-66,0,7,-73,0,0,-75,9,0,-68,7,9,west,180,3.6,2.8
-67,0,7,-72,0,0,-74,9,0,-64,7,9,west,180,3.6,2.8
-66,0,7,-72,0,0,-74,9,0,-65,7,9,west,180,3.6,2.8
-67,0,7,-73,0,0,-74,9,0,-65,7,9,west,180,3.6,2.8
-63,0,7,-69,0,0,-71,9,0,-61,7,9,west,180,3.6,2.8
-63,0,7,-70,0,0,-72,9,0,-62,7,9,west,180,3.6,2.8
-66,0,7,-71,0,0,-73,9,0,-65,7,9,west,180,3.6,2.8
-64,0,7,-71,0,0,-73,9,0,-65,7,9,west,180,3.6,2.8
-65,0,7,-71,0,0,-73,9,0,-66,7,9,west,180,3.6,2.8
-64,0,7,-70,0,0,-74,9,0,-65,7,9,west,180,3.6,2.8
-64,0,7,-70,0,0,-74,9,0,-65,7,9,west,180,3.6,2.8
-63,0,7,-70,0,0,-72,9,0,-65,7,9,west,180,3.6,2.8
-62,0,7,-68,0,0,-72,9,0,-64,7,9,west,180,3.6,2.8
-61,0,7,-69,0,0,-71,9,0,-62,7,9,west,180,3.6,2.8
-62,0,7,-70,0,0,-73,9,0,-62,7,9,west,180,3.6,2.8
-62,0,7,-70,0,0,-72,9,0,-63,7,9,west,180,3.6,2.8
-62,0,7,-71,0,0,-72,9,0,-63,7,9,west,180,3.6,2.8
-63,0,7,-69,0,0,-73,9,0,-62,7,9,west,180,3.6,2.8
-63,0,7,-74,0,0,-74,9,0,-65,7,9,west,180,3.6,2.8
-61,0,7,-73,0,0,-72,9,0,-64,7,9,west,180,3.6,2.8
-62,0,7,-72,0,0,-72,9,0,-63,7,9,west,180,3.6,2.8
-61,0,7,-74,0,0,-72,9,0,-62,7,9,west,180,3.6,2.8
-63,0,7,-75,0,0,-73,9,0,-63,7,9,west,180,3.6,2.8
-62,0,7,-73,0,0,-73,9,0,-63,7,9,west,180,3.6,2.8
-62,0,7,-73,0,0,-73,9,0,-63,7,9,west,180,3.6,2.8
-59,0,7,-67,0,0,-72,9,0,-69,7,9,north ,90,5.4,2.8
-60,0,7,-70,0,0,-73,9,0,-67,7,9,north ,90,5.4,2.8
-59,0,7,-70,0,0,-73,9,0,-63,7,9,north ,90,5.4,2.8
-60,0,7,-68,0,0,-75,9,0,-65,7,9,north ,90,5.4,2.8
-64,0,7,-73,0,0,-75,9,0,-66,7,9,north ,90,5.4,2.8
-66,0,7,-73,0,0,-75,9,0,-66,7,9,north ,90,5.4,2.8
-67,0,7,-72,0,0,-74,9,0,-68,7,9,north ,90,5.4,2.8
-66,0,7,-72,0,0,-74,9,0,-65,7,9,north ,90,5.4,2.8
-61,0,7,-73,0,0,-74,9,0,-68,7,9,north ,90,5.4,2.8
-63,0,7,-66,0,0,-71,9,0,-64,7,9,north ,90,5.4,2.8
-58,0,7,-66,0,0,-68,9,0,-65,7,9,north ,90,5.4,2.8
-59,0,7,-66,0,0,-71,9,0,-66,7,9,north ,90,5.4,2.8
-58,0,7,-66,0,0,-72,9,0,-63,7,9,north ,90,5.4,2.8
-59,0,7,-68,0,0,-71,9,0,-63,7,9,north ,90,5.4,2.8
-59,0,7,-68,0,0,-71,9,0,-63,7,9,north ,90,5.4,2.8
-59,0,7,-67,0,0,-71,9,0,-63,7,9,north ,90,5.4,2.8
-58,0,7,-67,0,0,-72,9,0,-62,7,9,north ,90,5.4,2.8
-59,0,7,-67,0,0,-71,9,0,-63,7,9,north ,90,5.4,2.8
-60,0,7,-68,0,0,-70,9,0,-64,7,9,north ,90,5.4,2.8
-60,0,7,-70,0,0,-70,9,0,-63,7,9,north ,90,5.4,2.8
-60,0,7,-66,0,0,-72,9,0,-65,7,9,north ,90,5.4,2.8
-59,0,7,-67,0,0,-70,9,0,-64,7,9,north ,90,5.4,2.8
-60,0,7,-67,0,0,-71,9,0,-62,7,9,north ,90,5.4,2.8
-58,0,7,-67,0,0,-73,9,0,-66,7,9,north ,90,5.4,2.8
-60,0,7,-68,0,0,-72,9,0,-67,7,9,north ,90,5.4,2.8
-59,0,7,-67,0,0,-70,9,0,-65,7,9,north ,90,5.4,2.8
-61,0,7,-67,0,0,-70,9,0,-64,7,9,north ,90,5.4,2.8
-59,0,7,-68,0,0,-70,9,0,-64,7,9,north ,90,5.4,2.8
-60,0,7,-68,0,0,-71,9,0,-64,7,9,north ,90,5.4,2.8
-59,0,7,-68,0,0,-72,9,0,-65,7,9,north ,90,5.4,2.8
-65,0,7,-72,0,0,-78,9,0,-68,7,9,east ,0,5.4,2.8
-66,0,7,-74,0,0,-76,9,0,-69,7,9,east ,0,5.4,2.8
-66,0,7,-74,0,0,-79,9,0,-68,7,9,east ,0,5.4,2.8
-65,0,7,-73,0,0,-79,9,0,-70,7,9,east ,0,5.4,2.8
-67,0,7,-73,0,0,-81,9,0,-71,7,9,east ,0,5.4,2.8
-66,0,7,-73,0,0,-82,9,0,-70,7,9,east ,0,5.4,2.8
-68,0,7,-74,0,0,-81,9,0,-72,7,9,east ,0,5.4,2.8
-65,0,7,-73,0,0,-81,9,0,-71,7,9,east ,0,5.4,2.8
-67,0,7,-74,0,0,-81,9,0,-71,7,9,east ,0,5.4,2.8
-67,0,7,-76,0,0,-81,9,0,-70,7,9,east ,0,5.4,2.8
-67,0,7,-73,0,0,-81,9,0,-71,7,9,east ,0,5.4,2.8
-65,0,7,-70,0,0,-78,9,0,-65,7,9,east ,0,5.4,2.8
-66,0,7,-72,0,0,-79,9,0,-69,7,9,east ,0,5.4,2.8
-64,0,7,-72,0,0,-77,9,0,-70,7,9,east ,0,5.4,2.8
-64,0,7,-73,0,0,-79,9,0,-69,7,9,east ,0,5.4,2.8
-66,0,7,-72,0,0,-79,9,0,-69,7,9,east ,0,5.4,2.8
-66,0,7,-73,0,0,-77,9,0,-69,7,9,east ,0,5.4,2.8
-66,0,7,-72,0,0,-79,9,0,-69,7,9,east ,0,5.4,2.8
-64,0,7,-71,0,0,-76,9,0,-70,7,9,east ,0,5.4,2.8
-66,0,7,-73,0,0,-78,9,0,-70,7,9,east ,0,5.4,2.8
-65,0,7,-71,0,0,-78,9,0,-70,7,9,east ,0,5.4,2.8
-66,0,7,-71,0,0,-78,9,0,-70,7,9,east ,0,5.4,2.8
-65,0,7,-71,0,0,-78,9,0,-70,7,9,east ,0,5.4,2.8
-67,0,7,-71,0,0,-79,9,0,-70,7,9,east ,0,5.4,2.8
-66,0,7,-70,0,0,-80,9,0,-71,7,9,east ,0,5.4,2.8
-68,0,7,-71,0,0,-78,9,0,-71,7,9,east ,0,5.4,2.8
-66,0,7,-71,0,0,-78,9,0,-70,7,9,east ,0,5.4,2.8
-67,0,7,-72,0,0,-79,9,0,-70,7,9,east ,0,5.4,2.8
-65,0,7,-72,0,0,-77,9,0,-70,7,9,east ,0,5.4,2.8
-65,0,7,-71,0,0,-78,9,0,-71,7,9,east ,0,5.4,2.8
-57,0,7,-69,0,0,-73,9,0,-65,7,9,south,270,5.4,2.8
-57,0,7,-70,0,0,-75,9,0,-65,7,9,south,270,5.4,2.8
-61,0,7,-71,0,0,-81,9,0,-67,7,9,south,270,5.4,2.8
-58,0,7,-71,0,0,-77,9,0,-66,7,9,south,270,5.4,2.8
-58,0,7,-71,0,0,-79,9,0,-67,7,9,south,270,5.4,2.8
-59,0,7,-73,0,0,-78,9,0,-68,7,9,south,270,5.4,2.8
-60,0,7,-75,0,0,-77,9,0,-67,7,9,south,270,5.4,2.8
-62,0,7,-75,0,0,-77,9,0,-67,7,9,south,270,5.4,2.8
-62,0,7,-77,0,0,-80,9,0,-69,7,9,south,270,5.4,2.8
-62,0,7,-77,0,0,-79,9,0,-68,7,9,south,270,5.4,2.8
-63,0,7,-74,0,0,-77,9,0,-68,7,9,south,270,5.4,2.8
-62,0,7,-77,0,0,-78,9,0,-68,7,9,south,270,5.4,2.8
-62,0,7,-76,0,0,-78,9,0,-68,7,9,south,270,5.4,2.8
-61,0,7,-73,0,0,-76,9,0,-67,7,9,south,270,5.4,2.8
-60,0,7,-75,0,0,-75,9,0,-67,7,9,south,270,5.4,2.8
-60,0,7,-76,0,0,-75,9,0,-66,7,9,south,270,5.4,2.8
-61,0,7,-77,0,0,-75,9,0,-67,7,9,south,270,5.4,2.8
-60,0,7,-76,0,0,-76,9,0,-67,7,9,south,270,5.4,2.8
-61,0,7,-75,0,0,-74,9,0,-66,7,9,south,270,5.4,2.8
-61,0,7,-76,0,0,-77,9,0,-66,7,9,south,270,5.4,2.8
-59,0,7,-75,0,0,-74,9,0,-64,7,9,south,270,5.4,2.8
-58,0,7,-69,0,0,-77,9,0,-66,7,9,south,270,5.4,2.8
-58,0,7,-69,0,0,-78,9,0,-64,7,9,south,270,5.4,2.8
-58,0,7,-70,0,0,-75,9,0,-65,7,9,south,270,5.4,2.8
-58,0,7,-70,0,0,-75,9,0,-64,7,9,south,270,5.4,2.8
-56,0,7,-70,0,0,-75,9,0,-66,7,9,south,270,5.4,2.8
-57,0,7,-69,0,0,-75,9,0,-63,7,9,south,270,5.4,2.8
-57,0,7,-68,0,0,-75,9,0,-66,7,9,south,270,5.4,2.8
-59,0,7,-71,0,0,-75,9,0,-66,7,9,south,270,5.4,2.8
-61,0,7,-70,0,0,-75,9,0,-66,7,9,south,270,5.4,2.8
-66,0,7,-71,0,0,-73,9,0,-65,7,9,west,180,5.4,2.8
-67,0,7,-71,0,0,-73,9,0,-67,7,9,west,180,5.4,2.8
-68,0,7,-72,0,0,-73,9,0,-69,7,9,west,180,5.4,2.8
-66,0,7,-72,0,0,-70,9,0,-66,7,9,west,180,5.4,2.8
-67,0,7,-71,0,0,-72,9,0,-65,7,9,west,180,5.4,2.8
-68,0,7,-72,0,0,-70,9,0,-67,7,9,west,180,5.4,2.8
-69,0,7,-73,0,0,-72,9,0,-68,7,9,west,180,5.4,2.8
-67,0,7,-73,0,0,-70,9,0,-66,7,9,west,180,5.4,2.8
-68,0,7,-74,0,0,-69,9,0,-64,7,9,west,180,5.4,2.8
-68,0,7,-71,0,0,-69,9,0,-65,7,9,west,180,5.4,2.8
-67,0,7,-71,0,0,-70,9,0,-66,7,9,west,180,5.4,2.8
-70,0,7,-73,0,0,-71,9,0,-67,7,9,west,180,5.4,2.8
-68,0,7,-74,0,0,-70,9,0,-66,7,9,west,180,5.4,2.8
-68,0,7,-72,0,0,-70,9,0,-67,7,9,west,180,5.4,2.8
-69,0,7,-73,0,0,-71,9,0,-67,7,9,west,180,5.4,2.8
-69,0,7,-73,0,0,-71,9,0,-67,7,9,west,180,5.4,2.8
-68,0,7,-72,0,0,-71,9,0,-68,7,9,west,180,5.4,2.8
-70,0,7,-72,0,0,-71,9,0,-67,7,9,west,180,5.4,2.8
-69,0,7,-71,0,0,-72,9,0,-67,7,9,west,180,5.4,2.8
-68,0,7,-72,0,0,-71,9,0,-67,7,9,west,180,5.4,2.8
-66,0,7,-71,0,0,-69,9,0,-66,7,9,west,180,5.4,2.8
-67,0,7,-70,0,0,-70,9,0,-66,7,9,west,180,5.4,2.8
-69,0,7,-73,0,0,-71,9,0,-67,7,9,west,180,5.4,2.8
-65,0,7,-72,0,0,-73,9,0,-68,7,9,west,180,5.4,2.8
-69,0,7,-71,0,0,-71,9,0,-67,7,9,west,180,5.4,2.8
-68,0,7,-71,0,0,-73,9,0,-68,7,9,west,180,5.4,2.8
-68,0,7,-71,0,0,-72,9,0,-69,7,9,west,180,5.4,2.8
-68,0,7,-71,0,0,-72,9,0,-67,7,9,west,180,5.4,2.8
-66,0,7,-68,0,0,-71,9,0,-68,7,9,west,180,5.4,2.8
-66,0,7,-69,0,0,-71,9,0,-67,7,9,west,180,5.4,2.8
-64,0,7,-79,0,0,-83,9,0,-70,7,9,north ,90,7.2,2.8
-60,0,7,-70,0,0,-88,9,0,-69,7,9,north ,90,7.2,2.8
-65,0,7,-70,0,0,-76,9,0,-68,7,9,north ,90,7.2,2.8
-64,0,7,-71,0,0,-84,9,0,-78,7,9,north ,90,7.2,2.8
-65,0,7,-73,0,0,-83,9,0,-69,7,9,north ,90,7.2,2.8
-65,0,7,-73,0,0,-84,9,0,-71,7,9,north ,90,7.2,2.8
-65,0,7,-75,0,0,-84,9,0,-71,7,9,north ,90,7.2,2.8
-65,0,7,-70,0,0,-88,9,0,-71,7,9,north ,90,7.2,2.8
-65,0,7,-75,0,0,-88,9,0,-70,7,9,north ,90,7.2,2.8
-65,0,7,-74,0,0,-88,9,0,-70,7,9,north ,90,7.2,2.8
-67,0,7,-74,0,0,-85,9,0,-71,7,9,north ,90,7.2,2.8
-67,0,7,-75,0,0,-85,9,0,-71,7,9,north ,90,7.2,2.8
-67,0,7,-76,0,0,-85,9,0,-72,7,9,north ,90,7.2,2.8
-67,0,7,-75,0,0,-84,9,0,-72,7,9,north ,90,7.2,2.8
-67,0,7,-73,0,0,-82,9,0,-70,7,9,north ,90,7.2,2.8
-66,0,7,-72,0,0,-85,9,0,-70,7,9,north ,90,7.2,2.8
-66,0,7,-73,0,0,-83,9,0,-70,7,9,north ,90,7.2,2.8
-66,0,7,-73,0,0,-84,9,0,-70,7,9,north ,90,7.2,2.8
-65,0,7,-73,0,0,-84,9,0,-70,7,9,north ,90,7.2,2.8
-66,0,7,-72,0,0,-84,9,0,-70,7,9,north ,90,7.2,2.8
-65,0,7,-73,0,0,-84,9,0,-70,7,9,north ,90,7.2,2.8
-66,0,7,-74,0,0,-84,9,0,-70,7,9,north ,90,7.2,2.8
-66,0,7,-73,0,0,-84,9,0,-70,7,9,north ,90,7.2,2.8
-66,0,7,-74,0,0,-85,9,0,-70,7,9,north ,90,7.2,2.8
-66,0,7,-73,0,0,-82,9,0,-69,7,9,north ,90,7.2,2.8
-66,0,7,-72,0,0,-83,9,0,-69,7,9,north ,90,7.2,2.8
-65,0,7,-72,0,0,-83,9,0,-69,7,9,north ,90,7.2,2.8
-65,0,7,-72,0,0,-83,9,0,-69,7,9,north ,90,7.2,2.8
-65,0,7,-72,0,0,-83,9,0,-69,7,9,north ,90,7.2,2.8
-65,0,7,-72,0,0,-89,9,0,-69,7,9,north ,90,7.2,2.8
-64,0,7,-68,0,0,-75,9,0,-70,7,9,east ,0,7.2,2.8
-64,0,7,-69,0,0,-77,9,0,-70,7,9,east ,0,7.2,2.8
-64,0,7,-69,0,0,-76,9,0,-69,7,9,east ,0,7.2,2.8
-66,0,7,-72,0,0,-76,9,0,-72,7,9,east ,0,7.2,2.8
-66,0,7,-72,0,0,-77,9,0,-81,7,9,east ,0,7.2,2.8
-69,0,7,-73,0,0,-80,9,0,-73,7,9,east ,0,7.2,2.8
-68,0,7,-74,0,0,-78,9,0,-73,7,9,east ,0,7.2,2.8
-70,0,7,-73,0,0,-84,9,0,-72,7,9,east ,0,7.2,2.8
-65,0,7,-70,0,0,-75,9,0,-69,7,9,east ,0,7.2,2.8
-66,0,7,-70,0,0,-76,9,0,-71,7,9,east ,0,7.2,2.8
-66,0,7,-71,0,0,-76,9,0,-69,7,9,east ,0,7.2,2.8
-67,0,7,-72,0,0,-77,9,0,-71,7,9,east ,0,7.2,2.8
-67,0,7,-73,0,0,-79,9,0,-72,7,9,east ,0,7.2,2.8
-67,0,7,-72,0,0,-77,9,0,-70,7,9,east ,0,7.2,2.8
-70,0,7,-72,0,0,-76,9,0,-72,7,9,east ,0,7.2,2.8
-70,0,7,-72,0,0,-75,9,0,-74,7,9,east ,0,7.2,2.8
-66,0,7,-72,0,0,-79,9,0,-73,7,9,east ,0,7.2,2.8
-67,0,7,-74,0,0,-78,9,0,-70,7,9,east ,0,7.2,2.8
-68,0,7,-72,0,0,-80,9,0,-71,7,9,east ,0,7.2,2.8
-63,0,7,-69,0,0,-73,9,0,-69,7,9,east ,0,7.2,2.8
-65,0,7,-68,0,0,-75,9,0,-68,7,9,east ,0,7.2,2.8
-62,0,7,-67,0,0,-72,9,0,-67,7,9,east ,0,7.2,2.8
-67,0,7,-70,0,0,-78,9,0,-70,7,9,east ,0,7.2,2.8
-66,0,7,-69,0,0,-74,9,0,-70,7,9,east ,0,7.2,2.8
-63,0,7,-67,0,0,-74,9,0,-66,7,9,east ,0,7.2,2.8
-67,0,7,-71,0,0,-77,9,0,-70,7,9,east ,0,7.2,2.8
-67,0,7,-70,0,0,-84,9,0,-71,7,9,east ,0,7.2,2.8
-65,0,7,-71,0,0,-75,9,0,-72,7,9,east ,0,7.2,2.8
-67,0,7,-69,0,0,-78,9,0,-71,7,9,east ,0,7.2,2.8
-67,0,7,-70,0,0,-75,9,0,-69,7,9,east ,0,7.2,2.8
-60,0,7,-73,0,0,-84,9,0,-74,7,9,south,270,7.2,2.8
-61,0,7,-71,0,0,-80,9,0,-73,7,9,south,270,7.2,2.8
-62,0,7,-76,0,0,-79,9,0,-75,7,9,south,270,7.2,2.8
-61,0,7,-72,0,0,-81,9,0,-75,7,9,south,270,7.2,2.8
-62,0,7,-73,0,0,-81,9,0,-77,7,9,south,270,7.2,2.8
-60,0,7,-70,0,0,-78,9,0,-73,7,9,south,270,7.2,2.8
-60,0,7,-71,0,0,-84,9,0,-79,7,9,south,270,7.2,2.8
-58,0,7,-71,0,0,-76,9,0,-75,7,9,south,270,7.2,2.8
-60,0,7,-71,0,0,-78,9,0,-75,7,9,south,270,7.2,2.8
-60,0,7,-71,0,0,-78,9,0,-80,7,9,south,270,7.2,2.8
-60,0,7,-71,0,0,-77,9,0,-77,7,9,south,270,7.2,2.8
-60,0,7,-71,0,0,-78,9,0,-77,7,9,south,270,7.2,2.8
-60,0,7,-72,0,0,-78,9,0,-78,7,9,south,270,7.2,2.8
-60,0,7,-72,0,0,-78,9,0,-77,7,9,south,270,7.2,2.8
-60,0,7,-71,0,0,-77,9,0,-78,7,9,south,270,7.2,2.8
-58,0,7,-66,0,0,-76,9,0,-75,7,9,south,270,7.2,2.8
-60,0,7,-71,0,0,-78,9,0,-76,7,9,south,270,7.2,2.8
-60,0,7,-71,0,0,-77,9,0,-75,7,9,south,270,7.2,2.8
-60,0,7,-70,0,0,-78,9,0,-77,7,9,south,270,7.2,2.8
-59,0,7,-71,0,0,-77,9,0,-76,7,9,south,270,7.2,2.8
-58,0,7,-70,0,0,-76,9,0,-74,7,9,south,270,7.2,2.8
-58,0,7,-69,0,0,-75,9,0,-75,7,9,south,270,7.2,2.8
-60,0,7,-69,0,0,-77,9,0,-78,7,9,south,270,7.2,2.8
-60,0,7,-70,0,0,-82,9,0,-77,7,9,south,270,7.2,2.8
-59,0,7,-70,0,0,-79,9,0,-76,7,9,south,270,7.2,2.8
-60,0,7,-70,0,0,-81,9,0,-77,7,9,south,270,7.2,2.8
-60,0,7,-72,0,0,-84,9,0,-76,7,9,south,270,7.2,2.8
-60,0,7,-69,0,0,-79,9,0,-76,7,9,south,270,7.2,2.8
-60,0,7,-70,0,0,-79,9,0,-76,7,9,south,270,7.2,2.8
-61,0,7,-69,0,0,-79,9,0,-76,7,9,south,270,7.2,2.8
-60,0,7,-75,0,0,-77,9,0,-64,7,9,west,180,7.2,2.8
-59,0,7,-76,0,0,-77,9,0,-64,7,9,west,180,7.2,2.8
-60,0,7,-75,0,0,-77,9,0,-64,7,9,west,180,7.2,2.8
-61,0,7,-77,0,0,-80,9,0,-65,7,9,west,180,7.2,2.8
-61,0,7,-76,0,0,-79,9,0,-65,7,9,west,180,7.2,2.8
-61,0,7,-75,0,0,-79,9,0,-65,7,9,west,180,7.2,2.8
-61,0,7,-75,0,0,-79,9,0,-65,7,9,west,180,7.2,2.8
-61,0,7,-77,0,0,-80,9,0,-65,7,9,west,180,7.2,2.8
-64,0,7,-76,0,0,-79,9,0,-65,7,9,west,180,7.2,2.8
-63,0,7,-78,0,0,-77,9,0,-64,7,9,west,180,7.2,2.8
-63,0,7,-78,0,0,-77,9,0,-65,7,9,west,180,7.2,2.8
-64,0,7,-78,0,0,-75,9,0,-65,7,9,west,180,7.2,2.8
-63,0,7,-84,0,0,-77,9,0,-66,7,9,west,180,7.2,2.8
-63,0,7,-76,0,0,-76,9,0,-63,7,9,west,180,7.2,2.8
-62,0,7,-77,0,0,-76,9,0,-63,7,9,west,180,7.2,2.8
-63,0,7,-78,0,0,-76,9,0,-64,7,9,west,180,7.2,2.8
-63,0,7,-78,0,0,-77,9,0,-64,7,9,west,180,7.2,2.8
-63,0,7,-77,0,0,-77,9,0,-64,7,9,west,180,7.2,2.8
-62,0,7,-78,0,0,-76,9,0,-66,7,9,west,180,7.2,2.8
-62,0,7,-77,0,0,-77,9,0,-65,7,9,west,180,7.2,2.8
-64,0,7,-80,0,0,-80,9,0,-66,7,9,west,180,7.2,2.8
-64,0,7,-79,0,0,-79,9,0,-67,7,9,west,180,7.2,2.8
-63,0,7,-81,0,0,-78,9,0,-65,7,9,west,180,7.2,2.8
-62,0,7,-79,0,0,-77,9,0,-66,7,9,west,180,7.2,2.8
-64,0,7,-76,0,0,-78,9,0,-66,7,9,west,180,7.2,2.8
-62,0,7,-77,0,0,-74,9,0,-64,7,9,west,180,7.2,2.8
-62,0,7,-76,0,0,-77,9,0,-64,7,9,west,180,7.2,2.8
-59,0,7,-77,0,0,-78,9,0,-62,7,9,west,180,7.2,2.8
-61,0,7,-76,0,0,-77,9,0,-64,7,9,west,180,7.2,2.8
-64,0,7,-78,0,0,-80,9,0,-68,7,9,west,180,7.2,2.8
-60,0,7,-72,0,0,-86,9,0,-67,7,9,north ,90,7.2,2.8
-56,0,7,-70,0,0,-86,9,0,-63,7,9,north ,90,7.2,2.8
-58,0,7,-72,0,0,-83,9,0,-68,7,9,north ,90,7.2,2.8
-60,0,7,-74,0,0,-89,9,0,-68,7,9,north ,90,7.2,2.8
-60,0,7,-75,0,0,-85,9,0,-67,7,9,north ,90,7.2,2.8
-60,0,7,-77,0,0,-93,9,0,-69,7,9,north ,90,7.2,2.8
-58,0,7,-75,0,0,-87,9,0,-67,7,9,north ,90,7.2,2.8
-59,0,7,-74,0,0,-85,9,0,-66,7,9,north ,90,7.2,2.8
-59,0,7,-77,0,0,-85,9,0,-67,7,9,north ,90,7.2,2.8
-59,0,7,-77,0,0,-85,9,0,-69,7,9,north ,90,7.2,2.8
-59,0,7,-75,0,0,-85,9,0,-68,7,9,north ,90,7.2,2.8
-60,0,7,-75,0,0,-85,9,0,-68,7,9,north ,90,7.2,2.8
-57,0,7,-72,0,0,-78,9,0,-65,7,9,north ,90,7.2,2.8
-59,0,7,-77,0,0,-83,9,0,-65,7,9,north ,90,7.2,2.8
-59,0,7,-76,0,0,-87,9,0,-66,7,9,north ,90,7.2,2.8
-59,0,7,-76,0,0,-87,9,0,-66,7,9,north ,90,7.2,2.8
-59,0,7,-77,0,0,-87,9,0,-65,7,9,north ,90,7.2,2.8
-57,0,7,-77,0,0,-86,9,0,-66,7,9,north ,90,7.2,2.8
-57,0,7,-73,0,0,-85,9,0,-64,7,9,north ,90,7.2,2.8
-58,0,7,-73,0,0,-85,9,0,-67,7,9,north ,90,7.2,2.8
-58,0,7,-73,0,0,-83,9,0,-67,7,9,north ,90,7.2,2.8
-59,0,7,-71,0,0,-84,9,0,-66,7,9,north ,90,7.2,2.8
-57,0,7,-74,0,0,-81,9,0,-66,7,9,north ,90,7.2,2.8
-58,0,7,-72,0,0,-84,9,0,-64,7,9,north ,90,7.2,2.8
-57,0,7,-76,0,0,-80,9,0,-66,7,9,north ,90,7.2,2.8
-58,0,7,-76,0,0,-80,9,0,-66,7,9,north ,90,7.2,2.8
-61,0,7,-74,0,0,-82,9,0,-66,7,9,north ,90,7.2,2.8
-58,0,7,-73,0,0,-80,9,0,-66,7,9,north ,90,7.2,2.8
-58,0,7,-73,0,0,-79,9,0,-66,7,9,north ,90,7.2,2.8
-56,0,7,-71,0,0,-82,9,0,-65,7,9,north ,90,7.2,2.8
-70,0,7,-66,0,0,-74,9,0,-82,7,9,east,0,7.2,2.8
-69,0,7,-67,0,0,-73,9,0,-77,7,9,east,0,7.2,2.8
-72,0,7,-68,0,0,-75,9,0,-78,7,9,east,0,7.2,2.8
-74,0,7,-71,0,0,-77,9,0,-80,7,9,east,0,7.2,2.8
-76,0,7,-70,0,0,-77,9,0,-79,7,9,east,0,7.2,2.8
-70,0,7,-67,0,0,-74,9,0,-79,7,9,east,0,7.2,2.8
-70,0,7,-69,0,0,-75,9,0,-79,7,9,east,0,7.2,2.8
-71,0,7,-69,0,0,-76,9,0,-79,7,9,east,0,7.2,2.8
-72,0,7,-69,0,0,-75,9,0,-75,7,9,east,0,7.2,2.8
-71,0,7,-67,0,0,-74,9,0,-76,7,9,east,0,7.2,2.8
-71,0,7,-68,0,0,-73,9,0,-77,7,9,east,0,7.2,2.8
-70,0,7,-69,0,0,-74,9,0,-76,7,9,east,0,7.2,2.8
-65,0,7,-69,0,0,-72,9,0,-76,7,9,east,0,7.2,2.8
-67,0,7,-71,0,0,-75,9,0,-72,7,9,east,0,7.2,2.8
-61,0,7,-70,0,0,-74,9,0,-73,7,9,east,0,7.2,2.8
-67,0,7,-69,0,0,-73,9,0,-75,7,9,east,0,7.2,2.8
-67,0,7,-69,0,0,-74,9,0,-77,7,9,east,0,7.2,2.8
-68,0,7,-71,0,0,-76,9,0,-78,7,9,east,0,7.2,2.8
-71,0,7,-70,0,0,-76,9,0,-78,7,9,east,0,7.2,2.8
-69,0,7,-73,0,0,-82,9,0,-75,7,9,east,0,7.2,2.8
-69,0,7,-71,0,0,-74,9,0,-83,7,9,east,0,7.2,2.8
-70,0,7,-71,0,0,-76,9,0,-75,7,9,east,0,7.2,2.8
-68,0,7,-71,0,0,-74,9,0,-79,7,9,east,0,7.2,2.8
-68,0,7,-70,0,0,-74,9,0,-78,7,9,east,0,7.2,2.8
-70,0,7,-71,0,0,-75,9,0,-77,7,9,east,0,7.2,2.8
-70,0,7,-70,0,0,-75,9,0,-75,7,9,east,0,7.2,2.8
-70,0,7,-72,0,0,-75,9,0,-75,7,9,east,0,7.2,2.8
-70,0,7,-71,0,0,-76,9,0,-76,7,9,east,0,7.2,2.8
-70,0,7,-70,0,0,-76,9,0,-74,7,9,east,0,7.2,2.8
-65,0,7,-72,0,0,-76,9,0,-79,7,9,east,0,7.2,2.8
-60,0,7,-72,0,0,-76,9,0,-69,7,9,south,270,7.2,2.8
-52,0,7,-75,0,0,-78,9,0,-67,7,9,south,270,7.2,2.8
-54,0,7,-83,0,0,-83,9,0,-69,7,9,south,270,7.2,2.8
-53,0,7,-76,0,0,-79,9,0,-68,7,9,south,270,7.2,2.8
-55,0,7,-79,0,0,-80,9,0,-70,7,9,south,270,7.2,2.8
-55,0,7,-79,0,0,-81,9,0,-68,7,9,south,270,7.2,2.8
-55,0,7,-74,0,0,-79,9,0,-69,7,9,south,270,7.2,2.8
-53,0,7,-71,0,0,-76,9,0,-65,7,9,south,270,7.2,2.8
-53,0,7,-73,0,0,-78,9,0,-67,7,9,south,270,7.2,2.8
-53,0,7,-71,0,0,-78,9,0,-65,7,9,south,270,7.2,2.8
-54,0,7,-74,0,0,-78,9,0,-66,7,9,south,270,7.2,2.8
-53,0,7,-75,0,0,-78,9,0,-68,7,9,south,270,7.2,2.8
-54,0,7,-75,0,0,-83,9,0,-68,7,9,south,270,7.2,2.8
-53,0,7,-75,0,0,-75,9,0,-65,7,9,south,270,7.2,2.8
-52,0,7,-83,0,0,-79,9,0,-65,7,9,south,270,7.2,2.8
-53,0,7,-74,0,0,-80,9,0,-65,7,9,south,270,7.2,2.8
-53,0,7,-74,0,0,-76,9,0,-67,7,9,south,270,7.2,2.8
-55,0,7,-76,0,0,-82,9,0,-68,7,9,south,270,7.2,2.8
-53,0,7,-77,0,0,-80,9,0,-66,7,9,south,270,7.2,2.8
-54,0,7,-79,0,0,-81,9,0,-69,7,9,south,270,7.2,2.8
-55,0,7,-77,0,0,-81,9,0,-67,7,9,south,270,7.2,2.8
-55,0,7,-80,0,0,-86,9,0,-69,7,9,south,270,7.2,2.8
-52,0,7,-77,0,0,-79,9,0,-68,7,9,south,270,7.2,2.8
-52,0,7,-74,0,0,-78,9,0,-65,7,9,south,270,7.2,2.8
-54,0,7,-76,0,0,-79,9,0,-68,7,9,south,270,7.2,2.8
-53,0,7,-73,0,0,-78,9,0,-66,7,9,south,270,7.2,2.8
-52,0,7,-74,0,0,-77,9,0,-66,7,9,south,270,7.2,2.8
-52,0,7,-76,0,0,-80,9,0,-67,7,9,south,270,7.2,2.8
-52,0,7,-75,0,0,-80,9,0,-65,7,9,south,270,7.2,2.8
-54,0,7,-74,0,0,-80,9,0,-65,7,9,south,270,7.2,2.8
-68,0,7,-84,0,0,-74,9,0,-74,7,9,west,180,7.2,2.8
-74,0,7,-74,0,0,-72,9,0,-73,7,9,west,180,7.2,2.8
-71,0,7,-86,0,0,-75,9,0,-75,7,9,west,180,7.2,2.8
-72,0,7,-75,0,0,-71,9,0,-82,7,9,west,180,7.2,2.8
-71,0,7,-80,0,0,-72,9,0,-71,7,9,west,180,7.2,2.8
-82,0,7,-80,0,0,-73,9,0,-73,7,9,west,180,7.2,2.8
-73,0,7,-73,0,0,-69,9,0,-67,7,9,west,180,7.2,2.8
-77,0,7,-76,0,0,-70,9,0,-67,7,9,west,180,7.2,2.8
-71,0,7,-75,0,0,-69,9,0,-67,7,9,west,180,7.2,2.8
-73,0,7,-74,0,0,-71,9,0,-64,7,9,west,180,7.2,2.8
-75,0,7,-74,0,0,-73,9,0,-70,7,9,west,180,7.2,2.8
-76,0,7,-73,0,0,-69,9,0,-65,7,9,west,180,7.2,2.8
-81,0,7,-76,0,0,-69,9,0,-67,7,9,west,180,7.2,2.8
-81,0,7,-77,0,0,-69,9,0,-74,7,9,west,180,7.2,2.8
-77,0,7,-75,0,0,-70,9,0,-76,7,9,west,180,7.2,2.8
-83,0,7,-78,0,0,-72,9,0,-72,7,9,west,180,7.2,2.8
-80,0,7,-77,0,0,-68,9,0,-72,7,9,west,180,7.2,2.8
-77,0,7,-75,0,0,-72,9,0,-72,7,9,west,180,7.2,2.8
-76,0,7,-76,0,0,-71,9,0,-76,7,9,west,180,7.2,2.8
-77,0,7,-75,0,0,-70,9,0,-73,7,9,west,180,7.2,2.8
-72,0,7,-74,0,0,-68,9,0,-68,7,9,west,180,7.2,2.8
-72,0,7,-74,0,0,-71,9,0,-69,7,9,west,180,7.2,2.8
-74,0,7,-82,0,0,-71,9,0,-73,7,9,west,180,7.2,2.8
-68,0,7,-81,0,0,-71,9,0,-71,7,9,west,180,7.2,2.8
-73,0,7,-75,0,0,-72,9,0,-71,7,9,west,180,7.2,2.8
-72,0,7,-72,0,0,-72,9,0,-71,7,9,west,180,7.2,2.8
-67,0,7,-77,0,0,-71,9,0,-70,7,9,west,180,7.2,2.8
-71,0,7,-79,0,0,-70,9,0,-72,7,9,west,180,7.2,2.8
-72,0,7,-78,0,0,-69,9,0,-71,7,9,west,180,7.2,2.8
-70,0,7,-78,0,0,-71,9,0,-71,7,9,west,180,7.2,2.8
-54,0,7,-76,0,0,-80,9,0,-65,7,9,north ,90,1.8,5.6
-55,0,7,-78,0,0,-80,9,0,-67,7,9,north ,90,1.8,5.6
-58,0,7,-77,0,0,-76,9,0,-69,7,9,north ,90,1.8,5.6
-56,0,7,-81,0,0,-79,9,0,-66,7,9,north ,90,1.8,5.6
-57,0,7,-81,0,0,-76,9,0,-68,7,9,north ,90,1.8,5.6
-56,0,7,-82,0,0,-79,9,0,-70,7,9,north ,90,1.8,5.6
-59,0,7,-77,0,0,-77,9,0,-68,7,9,north ,90,1.8,5.6
-56,0,7,-87,0,0,-81,9,0,-69,7,9,north ,90,1.8,5.6
-58,0,7,-83,0,0,-80,9,0,-68,7,9,north ,90,1.8,5.6
-53,0,7,-78,0,0,-80,9,0,-67,7,9,north ,90,1.8,5.6
-54,0,7,-78,0,0,-80,9,0,-65,7,9,north ,90,1.8,5.6
-57,0,7,-86,0,0,-78,9,0,-68,7,9,north ,90,1.8,5.6
-62,0,7,-81,0,0,-78,9,0,-68,7,9,north ,90,1.8,5.6
-63,0,7,-81,0,0,-86,9,0,-69,7,9,north ,90,1.8,5.6
-58,0,7,-79,0,0,-80,9,0,-70,7,9,north ,90,1.8,5.6
-57,0,7,-81,0,0,-80,9,0,-69,7,9,north ,90,1.8,5.6
-54,0,7,-78,0,0,-81,9,0,-69,7,9,north ,90,1.8,5.6
-57,0,7,-77,0,0,-81,9,0,-68,7,9,north ,90,1.8,5.6
-57,0,7,-84,0,0,-77,9,0,-69,7,9,north ,90,1.8,5.6
-55,0,7,-79,0,0,-78,9,0,-69,7,9,north ,90,1.8,5.6
-55,0,7,-81,0,0,-79,9,0,-69,7,9,north ,90,1.8,5.6
-56,0,7,-75,0,0,-79,9,0,-70,7,9,north ,90,1.8,5.6
-52,0,7,-77,0,0,-80,9,0,-71,7,9,north ,90,1.8,5.6
-56,0,7,-79,0,0,-75,9,0,-69,7,9,north ,90,1.8,5.6
-54,0,7,-78,0,0,-82,9,0,-70,7,9,north ,90,1.8,5.6
-57,0,7,-77,0,0,-80,9,0,-69,7,9,north ,90,1.8,5.6
-56,0,7,-77,0,0,-76,9,0,-68,7,9,north ,90,1.8,5.6
-56,0,7,-75,0,0,-72,9,0,-70,7,9,north ,90,1.8,5.6
-55,0,7,-81,0,0,-77,9,0,-67,7,9,north ,90,1.8,5.6
-58,0,7,-78,0,0,-79,9,0,-68,7,9,north ,90,1.8,5.6
-65,0,7,-76,0,0,-78,9,0,-74,7,9,east,0,1.8,5.6
-64,0,7,-76,0,0,-80,9,0,-76,7,9,east,0,1.8,5.6
-64,0,7,-79,0,0,-81,9,0,-78,7,9,east,0,1.8,5.6
-66,0,7,-79,0,0,-82,9,0,-80,7,9,east,0,1.8,5.6
-64,0,7,-77,0,0,-79,9,0,-75,7,9,east,0,1.8,5.6
-63,0,7,-82,0,0,-82,9,0,-76,7,9,east,0,1.8,5.6
-63,0,7,-80,0,0,-80,9,0,-73,7,9,east,0,1.8,5.6
-63,0,7,-76,0,0,-80,9,0,-78,7,9,east,0,1.8,5.6
-60,0,7,-80,0,0,-81,9,0,-75,7,9,east,0,1.8,5.6
-60,0,7,-80,0,0,-78,9,0,-75,7,9,east,0,1.8,5.6
-64,0,7,-81,0,0,-79,9,0,-73,7,9,east,0,1.8,5.6
-63,0,7,-79,0,0,-79,9,0,-79,7,9,east,0,1.8,5.6
-61,0,7,-79,0,0,-75,9,0,-73,7,9,east,0,1.8,5.6
-65,0,7,-74,0,0,-77,9,0,-73,7,9,east,0,1.8,5.6
-63,0,7,-78,0,0,-74,9,0,-72,7,9,east,0,1.8,5.6
-61,0,7,-86,0,0,-79,9,0,-74,7,9,east,0,1.8,5.6
-61,0,7,-74,0,0,-77,9,0,-74,7,9,east,0,1.8,5.6
-62,0,7,-78,0,0,-77,9,0,-72,7,9,east,0,1.8,5.6
-60,0,7,-80,0,0,-75,9,0,-73,7,9,east,0,1.8,5.6
-62,0,7,-77,0,0,-76,9,0,-73,7,9,east,0,1.8,5.6
-60,0,7,-78,0,0,-79,9,0,-74,7,9,east,0,1.8,5.6
-62,0,7,-78,0,0,-77,9,0,-75,7,9,east,0,1.8,5.6
-61,0,7,-81,0,0,-78,9,0,-74,7,9,east,0,1.8,5.6
-63,0,7,-81,0,0,-78,9,0,-74,7,9,east,0,1.8,5.6
-63,0,7,-81,0,0,-78,9,0,-79,7,9,east,0,1.8,5.6
-62,0,7,-78,0,0,-81,9,0,-75,7,9,east,0,1.8,5.6
-59,0,7,-74,0,0,-77,9,0,-72,7,9,east,0,1.8,5.6
-64,0,7,-82,0,0,-78,9,0,-72,7,9,east,0,1.8,5.6
-59,0,7,-76,0,0,-76,9,0,-73,7,9,east,0,1.8,5.6
-63,0,7,-81,0,0,-80,9,0,-76,7,9,east,0,1.8,5.6
-51,0,7,-84,0,0,-79,9,0,-76,7,9,south,270,1.8,5.6
-50,0,7,-85,0,0,-79,9,0,-74,7,9,south,270,1.8,5.6
-49,0,7,-84,0,0,-78,9,0,-71,7,9,south,270,1.8,5.6
-50,0,7,-83,0,0,-75,9,0,-71,7,9,south,270,1.8,5.6
-52,0,7,-82,0,0,-75,9,0,-71,7,9,south,270,1.8,5.6
-51,0,7,-83,0,0,-74,9,0,-72,7,9,south,270,1.8,5.6
-52,0,7,-84,0,0,-75,9,0,-70,7,9,south,270,1.8,5.6
-49,0,7,-78,0,0,-72,9,0,-67,7,9,south,270,1.8,5.6
-45,0,7,-81,0,0,-75,9,0,-67,7,9,south,270,1.8,5.6
-48,0,7,-79,0,0,-75,9,0,-69,7,9,south,270,1.8,5.6
-50,0,7,-80,0,0,-72,9,0,-66,7,9,south,270,1.8,5.6
-50,0,7,-80,0,0,-74,9,0,-71,7,9,south,270,1.8,5.6
-51,0,7,-79,0,0,-72,9,0,-71,7,9,south,270,1.8,5.6
-51,0,7,-84,0,0,-73,9,0,-71,7,9,south,270,1.8,5.6
-50,0,7,-82,0,0,-74,9,0,-71,7,9,south,270,1.8,5.6
-51,0,7,-80,0,0,-74,9,0,-70,7,9,south,270,1.8,5.6
-50,0,7,-80,0,0,-74,9,0,-71,7,9,south,270,1.8,5.6
-50,0,7,-80,0,0,-72,9,0,-71,7,9,south,270,1.8,5.6
-49,0,7,-81,0,0,-74,9,0,-69,7,9,south,270,1.8,5.6
-50,0,7,-83,0,0,-74,9,0,-73,7,9,south,270,1.8,5.6
-51,0,7,-82,0,0,-75,9,0,-73,7,9,south,270,1.8,5.6
-48,0,7,-79,0,0,-75,9,0,-73,7,9,south,270,1.8,5.6
-49,0,7,-79,0,0,-75,9,0,-71,7,9,south,270,1.8,5.6
-49,0,7,-80,0,0,-76,9,0,-72,7,9,south,270,1.8,5.6
-51,0,7,-81,0,0,-77,9,0,-74,7,9,south,270,1.8,5.6
-51,0,7,-86,0,0,-76,9,0,-76,7,9,south,270,1.8,5.6
-51,0,7,-85,0,0,-76,9,0,-72,7,9,south,270,1.8,5.6
-52,0,7,-83,0,0,-75,9,0,-71,7,9,south,270,1.8,5.6
-49,0,7,-87,0,0,-75,9,0,-73,7,9,south,270,1.8,5.6
-51,0,7,-84,0,0,-78,9,0,-73,7,9,south,270,1.8,5.6
-60,0,7,-83,0,0,-71,9,0,-79,7,9,west,180,1.8,5.6
-62,0,7,-79,0,0,-71,9,0,-75,7,9,west,180,1.8,5.6
-60,0,7,-82,0,0,-71,9,0,-86,7,9,west,180,1.8,5.6
-69,0,7,-82,0,0,-71,9,0,-74,7,9,west,180,1.8,5.6
-59,0,7,-79,0,0,-75,9,0,-76,7,9,west,180,1.8,5.6
-57,0,7,-72,0,0,-70,9,0,-72,7,9,west,180,1.8,5.6
-61,0,7,-78,0,0,-71,9,0,-73,7,9,west,180,1.8,5.6
-62,0,7,-72,0,0,-69,9,0,-73,7,9,west,180,1.8,5.6
-61,0,7,-72,0,0,-71,9,0,-76,7,9,west,180,1.8,5.6
-69,0,7,-72,0,0,-68,9,0,-72,7,9,west,180,1.8,5.6
-62,0,7,-74,0,0,-68,9,0,-72,7,9,west,180,1.8,5.6
-64,0,7,-74,0,0,-66,9,0,-73,7,9,west,180,1.8,5.6
-64,0,7,-75,0,0,-71,9,0,-72,7,9,west,180,1.8,5.6
-58,0,7,-76,0,0,-72,9,0,-75,7,9,west,180,1.8,5.6
-67,0,7,-77,0,0,-73,9,0,-75,7,9,west,180,1.8,5.6
-65,0,7,-76,0,0,-73,9,0,-70,7,9,west,180,1.8,5.6
-63,0,7,-81,0,0,-71,9,0,-72,7,9,west,180,1.8,5.6
-69,0,7,-77,0,0,-71,9,0,-71,7,9,west,180,1.8,5.6
-62,0,7,-80,0,0,-72,9,0,-73,7,9,west,180,1.8,5.6
-63,0,7,-77,0,0,-72,9,0,-73,7,9,west,180,1.8,5.6
-62,0,7,-77,0,0,-73,9,0,-74,7,9,west,180,1.8,5.6
-63,0,7,-78,0,0,-75,9,0,-76,7,9,west,180,1.8,5.6
-63,0,7,-73,0,0,-72,9,0,-75,7,9,west,180,1.8,5.6
-64,0,7,-82,0,0,-76,9,0,-74,7,9,west,180,1.8,5.6
-63,0,7,-79,0,0,-74,9,0,-74,7,9,west,180,1.8,5.6
-63,0,7,-81,0,0,-73,9,0,-74,7,9,west,180,1.8,5.6
-67,0,7,-78,0,0,-73,9,0,-79,7,9,west,180,1.8,5.6
-65,0,7,-77,0,0,-73,9,0,-73,7,9,west,180,1.8,5.6
-67,0,7,-78,0,0,-71,9,0,-75,7,9,west,180,1.8,5.6
-61,0,7,-76,0,0,-69,9,0,-74,7,9,west,180,1.8,5.6
-67,0,7,-73,0,0,-84,9,0,-69,7,9,north ,90,3.6,5.6
-63,0,7,-72,0,0,-79,9,0,-67,7,9,north ,90,3.6,5.6
-65,0,7,-71,0,0,-79,9,0,-69,7,9,north ,90,3.6,5.6
-65,0,7,-70,0,0,-79,9,0,-69,7,9,north ,90,3.6,5.6
-69,0,7,-72,0,0,-79,9,0,-72,7,9,north ,90,3.6,5.6
-70,0,7,-73,0,0,-77,9,0,-72,7,9,north ,90,3.6,5.6
-66,0,7,-72,0,0,-79,9,0,-69,7,9,north ,90,3.6,5.6
-68,0,7,-72,0,0,-81,9,0,-68,7,9,north ,90,3.6,5.6
-69,0,7,-72,0,0,-81,9,0,-68,7,9,north ,90,3.6,5.6
-65,0,7,-71,0,0,-76,9,0,-68,7,9,north ,90,3.6,5.6
-66,0,7,-74,0,0,-79,9,0,-67,7,9,north ,90,3.6,5.6
-66,0,7,-74,0,0,-76,9,0,-66,7,9,north ,90,3.6,5.6
-64,0,7,-70,0,0,-77,9,0,-66,7,9,north ,90,3.6,5.6
-65,0,7,-72,0,0,-76,9,0,-67,7,9,north ,90,3.6,5.6
-68,0,7,-74,0,0,-79,9,0,-67,7,9,north ,90,3.6,5.6
-63,0,7,-77,0,0,-83,9,0,-68,7,9,north ,90,3.6,5.6
-65,0,7,-83,0,0,-80,9,0,-74,7,9,north ,90,3.6,5.6
-65,0,7,-78,0,0,-80,9,0,-69,7,9,north ,90,3.6,5.6
-67,0,7,-78,0,0,-82,9,0,-69,7,9,north ,90,3.6,5.6
-63,0,7,-74,0,0,-84,9,0,-69,7,9,north ,90,3.6,5.6
-63,0,7,-79,0,0,-80,9,0,-70,7,9,north ,90,3.6,5.6
-68,0,7,-78,0,0,-77,9,0,-77,7,9,north ,90,3.6,5.6
-61,0,7,-74,0,0,-78,9,0,-73,7,9,north ,90,3.6,5.6
-60,0,7,-81,0,0,-76,9,0,-75,7,9,north ,90,3.6,5.6
-60,0,7,-78,0,0,-77,9,0,-74,7,9,north ,90,3.6,5.6
-59,0,7,-79,0,0,-79,9,0,-71,7,9,north ,90,3.6,5.6
-63,0,7,-77,0,0,-80,9,0,-76,7,9,north ,90,3.6,5.6
-68,0,7,-74,0,0,-78,9,0,-71,7,9,north ,90,3.6,5.6
-64,0,7,-73,0,0,-79,9,0,-71,7,9,north ,90,3.6,5.6
-64,0,7,-70,0,0,-75,9,0,-69,7,9,north ,90,3.6,5.6
-71,0,7,-74,0,0,-86,9,0,-68,7,9,east,0,3.6,5.6
-77,0,7,-78,0,0,-91,9,0,-65,7,9,east,0,3.6,5.6
-72,0,7,-74,0,0,-91,9,0,-72,7,9,east,0,3.6,5.6
-78,0,7,-76,0,0,-89,9,0,-75,7,9,east,0,3.6,5.6
-76,0,7,-76,0,0,-89,9,0,-73,7,9,east,0,3.6,5.6
-76,0,7,-79,0,0,-84,9,0,-72,7,9,east,0,3.6,5.6
-74,0,7,-74,0,0,-81,9,0,-70,7,9,east,0,3.6,5.6
-75,0,7,-76,0,0,-82,9,0,-68,7,9,east,0,3.6,5.6
-71,0,7,-78,0,0,-81,9,0,-69,7,9,east,0,3.6,5.6
-74,0,7,-78,0,0,-83,9,0,-69,7,9,east,0,3.6,5.6
-74,0,7,-73,0,0,-80,9,0,-71,7,9,east,0,3.6,5.6
-79,0,7,-76,0,0,-85,9,0,-70,7,9,east,0,3.6,5.6
-78,0,7,-77,0,0,-85,9,0,-71,7,9,east,0,3.6,5.6
-78,0,7,-77,0,0,-84,9,0,-69,7,9,east,0,3.6,5.6
-77,0,7,-76,0,0,-84,9,0,-70,7,9,east,0,3.6,5.6
-77,0,7,-77,0,0,-83,9,0,-71,7,9,east,0,3.6,5.6
-77,0,7,-79,0,0,-83,9,0,-71,7,9,east,0,3.6,5.6
-78,0,7,-78,0,0,-85,9,0,-72,7,9,east,0,3.6,5.6
-76,0,7,-78,0,0,-85,9,0,-71,7,9,east,0,3.6,5.6
-75,0,7,-80,0,0,-79,9,0,-70,7,9,east,0,3.6,5.6
-79,0,7,-77,0,0,-82,9,0,-70,7,9,east,0,3.6,5.6
-73,0,7,-79,0,0,-78,9,0,-68,7,9,east,0,3.6,5.6
-75,0,7,-78,0,0,-80,9,0,-68,7,9,east,0,3.6,5.6
-72,0,7,-77,0,0,-81,9,0,-70,7,9,east,0,3.6,5.6
-74,0,7,-75,0,0,-83,9,0,-69,7,9,east,0,3.6,5.6
-80,0,7,-75,0,0,-79,9,0,-68,7,9,east,0,3.6,5.6
-74,0,7,-75,0,0,-81,9,0,-68,7,9,east,0,3.6,5.6
-73,0,7,-75,0,0,-81,9,0,-68,7,9,east,0,3.6,5.6
-77,0,7,-75,0,0,-84,9,0,-71,7,9,east,0,3.6,5.6
-79,0,7,-78,0,0,-82,9,0,-70,7,9,east,0,3.6,5.6
-62,0,7,-79,0,0,-73,9,0,-62,7,9,south,270,3.6,5.6
-63,0,7,-80,0,0,-77,9,0,-62,7,9,south,270,3.6,5.6
-63,0,7,-78,0,0,-76,9,0,-63,7,9,south,270,3.6,5.6
-60,0,7,-77,0,0,-75,9,0,-61,7,9,south,270,3.6,5.6
-63,0,7,-78,0,0,-75,9,0,-62,7,9,south,270,3.6,5.6
-63,0,7,-78,0,0,-78,9,0,-63,7,9,south,270,3.6,5.6
-64,0,7,-81,0,0,-76,9,0,-65,7,9,south,270,3.6,5.6
-64,0,7,-83,0,0,-79,9,0,-64,7,9,south,270,3.6,5.6
-65,0,7,-83,0,0,-79,9,0,-64,7,9,south,270,3.6,5.6
-62,0,7,-87,0,0,-78,9,0,-62,7,9,south,270,3.6,5.6
-63,0,7,-82,0,0,-79,9,0,-62,7,9,south,270,3.6,5.6
-61,0,7,-79,0,0,-80,9,0,-62,7,9,south,270,3.6,5.6
-62,0,7,-81,0,0,-77,9,0,-60,7,9,south,270,3.6,5.6
-60,0,7,-83,0,0,-79,9,0,-62,7,9,south,270,3.6,5.6
-62,0,7,-80,0,0,-81,9,0,-62,7,9,south,270,3.6,5.6
-60,0,7,-77,0,0,-76,9,0,-60,7,9,south,270,3.6,5.6
-62,0,7,-78,0,0,-83,9,0,-62,7,9,south,270,3.6,5.6
-63,0,7,-84,0,0,-72,9,0,-61,7,9,south,270,3.6,5.6
-64,0,7,-85,0,0,-72,9,0,-62,7,9,south,270,3.6,5.6
-61,0,7,-83,0,0,-73,9,0,-62,7,9,south,270,3.6,5.6
-62,0,7,-79,0,0,-78,9,0,-62,7,9,south,270,3.6,5.6
-60,0,7,-79,0,0,-77,9,0,-62,7,9,south,270,3.6,5.6
-60,0,7,-79,0,0,-76,9,0,-62,7,9,south,270,3.6,5.6
-62,0,7,-80,0,0,-77,9,0,-63,7,9,south,270,3.6,5.6
-62,0,7,-78,0,0,-76,9,0,-64,7,9,south,270,3.6,5.6
-61,0,7,-79,0,0,-78,9,0,-62,7,9,south,270,3.6,5.6
-61,0,7,-80,0,0,-78,9,0,-63,7,9,south,270,3.6,5.6
-62,0,7,-84,0,0,-78,9,0,-62,7,9,south,270,3.6,5.6
-61,0,7,-80,0,0,-77,9,0,-63,7,9,south,270,3.6,5.6
-62,0,7,-85,0,0,-77,9,0,-62,7,9,south,270,3.6,5.6
-68,0,7,-73,0,0,-80,9,0,-71,7,9,west,180,3.6,5.6
-69,0,7,-71,0,0,-82,9,0,-71,7,9,west,180,3.6,5.6
-66,0,7,-72,0,0,-82,9,0,-72,7,9,west,180,3.6,5.6
-68,0,7,-71,0,0,-82,9,0,-70,7,9,west,180,3.6,5.6
-68,0,7,-72,0,0,-81,9,0,-72,7,9,west,180,3.6,5.6
-68,0,7,-71,0,0,-82,9,0,-71,7,9,west,180,3.6,5.6
-67,0,7,-74,0,0,-80,9,0,-72,7,9,west,180,3.6,5.6
-68,0,7,-72,0,0,-75,9,0,-71,7,9,west,180,3.6,5.6
-68,0,7,-70,0,0,-80,9,0,-71,7,9,west,180,3.6,5.6
-66,0,7,-72,0,0,-76,9,0,-70,7,9,west,180,3.6,5.6
-66,0,7,-71,0,0,-85,9,0,-71,7,9,west,180,3.6,5.6
-70,0,7,-70,0,0,-77,9,0,-72,7,9,west,180,3.6,5.6
-65,0,7,-66,0,0,-75,9,0,-68,7,9,west,180,3.6,5.6
-65,0,7,-69,0,0,-74,9,0,-69,7,9,west,180,3.6,5.6
-64,0,7,-68,0,0,-76,9,0,-70,7,9,west,180,3.6,5.6
-66,0,7,-69,0,0,-76,9,0,-69,7,9,west,180,3.6,5.6
-66,0,7,-68,0,0,-77,9,0,-70,7,9,west,180,3.6,5.6
-65,0,7,-68,0,0,-76,9,0,-70,7,9,west,180,3.6,5.6
-68,0,7,-69,0,0,-78,9,0,-69,7,9,west,180,3.6,5.6
-64,0,7,-69,0,0,-76,9,0,-68,7,9,west,180,3.6,5.6
-65,0,7,-69,0,0,-74,9,0,-68,7,9,west,180,3.6,5.6
-67,0,7,-70,0,0,-76,9,0,-69,7,9,west,180,3.6,5.6
-66,0,7,-70,0,0,-76,9,0,-69,7,9,west,180,3.6,5.6
-65,0,7,-70,0,0,-75,9,0,-69,7,9,west,180,3.6,5.6
-68,0,7,-71,0,0,-76,9,0,-68,7,9,west,180,3.6,5.6
-63,0,7,-70,0,0,-76,9,0,-69,7,9,west,180,3.6,5.6
-65,0,7,-70,0,0,-77,9,0,-71,7,9,west,180,3.6,5.6
-64,0,7,-70,0,0,-77,9,0,-71,7,9,west,180,3.6,5.6
-65,0,7,-69,0,0,-77,9,0,-71,7,9,west,180,3.6,5.6
-66,0,7,-70,0,0,-77,9,0,-72,7,9,west,180,3.6,5.6
-67,0,7,-68,0,0,-82,9,0,-77,7,9,north,90,5.4,5.6
-65,0,7,-71,0,0,-78,9,0,-80,7,9,north,90,5.4,5.6
-67,0,7,-71,0,0,-84,9,0,-75,7,9,north,90,5.4,5.6
-70,0,7,-71,0,0,-80,9,0,-74,7,9,north,90,5.4,5.6
-67,0,7,-72,0,0,-85,9,0,-75,7,9,north,90,5.4,5.6
-69,0,7,-74,0,0,-80,9,0,-76,7,9,north,90,5.4,5.6
-68,0,7,-78,0,0,-85,9,0,-76,7,9,north,90,5.4,5.6
-71,0,7,-74,0,0,-85,9,0,-74,7,9,north,90,5.4,5.6
-70,0,7,-73,0,0,-87,9,0,-77,7,9,north,90,5.4,5.6
-71,0,7,-75,0,0,-85,9,0,-77,7,9,north,90,5.4,5.6
-70,0,7,-76,0,0,-83,9,0,-78,7,9,north,90,5.4,5.6
-70,0,7,-74,0,0,-87,9,0,-78,7,9,north,90,5.4,5.6
-66,0,7,-70,0,0,-86,9,0,-71,7,9,north,90,5.4,5.6
-66,0,7,-71,0,0,-82,9,0,-73,7,9,north,90,5.4,5.6
-66,0,7,-72,0,0,-82,9,0,-75,7,9,north,90,5.4,5.6
-68,0,7,-72,0,0,-82,9,0,-74,7,9,north,90,5.4,5.6
-67,0,7,-73,0,0,-80,9,0,-74,7,9,north,90,5.4,5.6
-67,0,7,-72,0,0,-80,9,0,-73,7,9,north,90,5.4,5.6
-67,0,7,-73,0,0,-82,9,0,-76,7,9,north,90,5.4,5.6
-70,0,7,-68,0,0,-80,9,0,-71,7,9,north,90,5.4,5.6
-68,0,7,-70,0,0,-78,9,0,-71,7,9,north,90,5.4,5.6
-68,0,7,-73,0,0,-81,9,0,-70,7,9,north,90,5.4,5.6
-69,0,7,-72,0,0,-82,9,0,-71,7,9,north,90,5.4,5.6
-70,0,7,-72,0,0,-86,9,0,-75,7,9,north,90,5.4,5.6
-69,0,7,-71,0,0,-78,9,0,-75,7,9,north,90,5.4,5.6
-70,0,7,-73,0,0,-78,9,0,-73,7,9,north,90,5.4,5.6
-69,0,7,-73,0,0,-83,9,0,-73,7,9,north,90,5.4,5.6
-65,0,7,-68,0,0,-82,9,0,-70,7,9,north,90,5.4,5.6
-65,0,7,-69,0,0,-82,9,0,-72,7,9,north,90,5.4,5.6
-68,0,7,-72,0,0,-78,9,0,-72,7,9,north,90,5.4,5.6
-67,0,7,-78,0,0,-77,9,0,-70,7,9,east,0,5.4,5.6
-66,0,7,-81,0,0,-79,9,0,-70,7,9,east,0,5.4,5.6
-68,0,7,-80,0,0,-77,9,0,-72,7,9,east,0,5.4,5.6
-70,0,7,-81,0,0,-82,9,0,-73,7,9,east,0,5.4,5.6
-69,0,7,-79,0,0,-81,9,0,-72,7,9,east,0,5.4,5.6
-69,0,7,-82,0,0,-78,9,0,-71,7,9,east,0,5.4,5.6
-73,0,7,-86,0,0,-79,9,0,-74,7,9,east,0,5.4,5.6
-70,0,7,-81,0,0,-80,9,0,-73,7,9,east,0,5.4,5.6
-70,0,7,-81,0,0,-79,9,0,-73,7,9,east,0,5.4,5.6
-70,0,7,-88,0,0,-79,9,0,-73,7,9,east,0,5.4,5.6
-70,0,7,-79,0,0,-80,9,0,-74,7,9,east,0,5.4,5.6
-69,0,7,-79,0,0,-77,9,0,-71,7,9,east,0,5.4,5.6
-68,0,7,-77,0,0,-78,9,0,-71,7,9,east,0,5.4,5.6
-68,0,7,-82,0,0,-86,9,0,-68,7,9,east,0,5.4,5.6
-69,0,7,-84,0,0,-87,9,0,-73,7,9,east,0,5.4,5.6
-70,0,7,-80,0,0,-80,9,0,-72,7,9,east,0,5.4,5.6
-68,0,7,-81,0,0,-81,9,0,-72,7,9,east,0,5.4,5.6
-68,0,7,-81,0,0,-78,9,0,-73,7,9,east,0,5.4,5.6
-68,0,7,-81,0,0,-80,9,0,-72,7,9,east,0,5.4,5.6
-65,0,7,-78,0,0,-76,9,0,-71,7,9,east,0,5.4,5.6
-70,0,7,-81,0,0,-78,9,0,-72,7,9,east,0,5.4,5.6
-68,0,7,-85,0,0,-78,9,0,-72,7,9,east,0,5.4,5.6
-69,0,7,-78,0,0,-86,9,0,-71,7,9,east,0,5.4,5.6
-68,0,7,-78,0,0,-76,9,0,-71,7,9,east,0,5.4,5.6
-66,0,7,-82,0,0,-77,9,0,-70,7,9,east,0,5.4,5.6
-69,0,7,-80,0,0,-80,9,0,-71,7,9,east,0,5.4,5.6
-69,0,7,-87,0,0,-82,9,0,-72,7,9,east,0,5.4,5.6
-69,0,7,-84,0,0,-79,9,0,-73,7,9,east,0,5.4,5.6
-68,0,7,-84,0,0,-80,9,0,-71,7,9,east,0,5.4,5.6
-68,0,7,-79,0,0,-79,9,0,-72,7,9,east,0,5.4,5.6
-70,0,7,-67,0,0,-76,9,0,-64,7,9,south,270,5.4,5.6
-71,0,7,-68,0,0,-77,9,0,-64,7,9,south,270,5.4,5.6
-74,0,7,-71,0,0,-78,9,0,-65,7,9,south,270,5.4,5.6
-77,0,7,-71,0,0,-81,9,0,-67,7,9,south,270,5.4,5.6
-73,0,7,-70,0,0,-86,9,0,-67,7,9,south,270,5.4,5.6
-76,0,7,-72,0,0,-88,9,0,-69,7,9,south,270,5.4,5.6
-78,0,7,-73,0,0,-84,9,0,-68,7,9,south,270,5.4,5.6
-79,0,7,-71,0,0,-82,9,0,-68,7,9,south,270,5.4,5.6
-76,0,7,-70,0,0,-79,9,0,-67,7,9,south,270,5.4,5.6
-75,0,7,-71,0,0,-81,9,0,-68,7,9,south,270,5.4,5.6
-73,0,7,-68,0,0,-79,9,0,-67,7,9,south,270,5.4,5.6
-74,0,7,-69,0,0,-79,9,0,-67,7,9,south,270,5.4,5.6
-73,0,7,-68,0,0,-79,9,0,-67,7,9,south,270,5.4,5.6
-74,0,7,-69,0,0,-81,9,0,-67,7,9,south,270,5.4,5.6
-73,0,7,-70,0,0,-79,9,0,-67,7,9,south,270,5.4,5.6
-72,0,7,-71,0,0,-79,9,0,-67,7,9,south,270,5.4,5.6
-72,0,7,-72,0,0,-80,9,0,-68,7,9,south,270,5.4,5.6
-74,0,7,-70,0,0,-80,9,0,-68,7,9,south,270,5.4,5.6
-72,0,7,-73,0,0,-80,9,0,-68,7,9,south,270,5.4,5.6
-76,0,7,-71,0,0,-79,9,0,-69,7,9,south,270,5.4,5.6
-73,0,7,-70,0,0,-80,9,0,-67,7,9,south,270,5.4,5.6
-71,0,7,-71,0,0,-80,9,0,-68,7,9,south,270,5.4,5.6
-72,0,7,-69,0,0,-80,9,0,-67,7,9,south,270,5.4,5.6
-71,0,7,-69,0,0,-79,9,0,-66,7,9,south,270,5.4,5.6
-73,0,7,-70,0,0,-78,9,0,-68,7,9,south,270,5.4,5.6
-69,0,7,-70,0,0,-79,9,0,-65,7,9,south,270,5.4,5.6
-74,0,7,-68,0,0,-78,9,0,-65,7,9,south,270,5.4,5.6
-68,0,7,-67,0,0,-81,9,0,-65,7,9,south,270,5.4,5.6
-71,0,7,-69,0,0,-80,9,0,-66,7,9,south,270,5.4,5.6
-75,0,7,-69,0,0,-78,9,0,-66,7,9,south,270,5.4,5.6
-73,0,7,-77,0,0,-68,9,0,-68,7,9,west,180,5.4,5.6
-72,0,7,-75,0,0,-67,9,0,-70,7,9,west,180,5.4,5.6
-70,0,7,-79,0,0,-68,9,0,-70,7,9,west,180,5.4,5.6
-65,0,7,-76,0,0,-70,9,0,-69,7,9,west,180,5.4,5.6
-71,0,7,-75,0,0,-69,9,0,-69,7,9,west,180,5.4,5.6
-70,0,7,-76,0,0,-68,9,0,-68,7,9,west,180,5.4,5.6
-71,0,7,-76,0,0,-66,9,0,-68,7,9,west,180,5.4,5.6
-69,0,7,-75,0,0,-65,9,0,-68,7,9,west,180,5.4,5.6
-69,0,7,-75,0,0,-69,9,0,-68,7,9,west,180,5.4,5.6
-69,0,7,-73,0,0,-67,9,0,-67,7,9,west,180,5.4,5.6
-72,0,7,-74,0,0,-66,9,0,-67,7,9,west,180,5.4,5.6
-72,0,7,-76,0,0,-67,9,0,-68,7,9,west,180,5.4,5.6
-72,0,7,-74,0,0,-67,9,0,-67,7,9,west,180,5.4,5.6
-69,0,7,-75,0,0,-65,9,0,-66,7,9,west,180,5.4,5.6
-73,0,7,-71,0,0,-67,9,0,-69,7,9,west,180,5.4,5.6
-69,0,7,-73,0,0,-68,9,0,-68,7,9,west,180,5.4,5.6
-68,0,7,-73,0,0,-69,9,0,-66,7,9,west,180,5.4,5.6
-73,0,7,-75,0,0,-70,9,0,-71,7,9,west,180,5.4,5.6
-72,0,7,-75,0,0,-69,9,0,-68,7,9,west,180,5.4,5.6
-71,0,7,-77,0,0,-69,9,0,-69,7,9,west,180,5.4,5.6
-71,0,7,-75,0,0,-68,9,0,-69,7,9,west,180,5.4,5.6
-70,0,7,-76,0,0,-69,9,0,-69,7,9,west,180,5.4,5.6
-70,0,7,-74,0,0,-68,9,0,-69,7,9,west,180,5.4,5.6
-70,0,7,-73,0,0,-68,9,0,-68,7,9,west,180,5.4,5.6
-70,0,7,-74,0,0,-66,9,0,-68,7,9,west,180,5.4,5.6
-70,0,7,-73,0,0,-67,9,0,-67,7,9,west,180,5.4,5.6
-70,0,7,-73,0,0,-67,9,0,-68,7,9,west,180,5.4,5.6
-68,0,7,-73,0,0,-68,9,0,-67,7,9,west,180,5.4,5.6
-70,0,7,-74,0,0,-67,9,0,-68,7,9,west,180,5.4,5.6
-70,0,7,-73,0,0,-69,9,0,-68,7,9,west,180,5.4,5.6
